card,cube,length,limit,module,npatterns,seed,sessionid,time,uid
100,sales_fact_1997,10.0,100,Preamble,1,0,0,0,0
100,sales_fact_1997,8.0,100,Statistics,2,0,0,0,0
100,sales_fact_1997,17.6,100,Top-K,5,0,0,1,0
100,sales_fact_1997,17.0,100,Bottom-K,5,0,0,0,0
100,sales_fact_1997,14.0,100,OutlierDetection,4,0,0,1580,0
100,sales_fact_1997,22.0,100,Clustering,2,0,0,1643,0
100,sales_fact_1997,-1,100,Mckp,5,0,0,0,0
45,sales_fact_1997,10.0,100,Preamble,1,0,0,0,1
45,sales_fact_1997,8.0,100,Statistics,2,0,0,0,1
45,sales_fact_1997,18.0,100,Top-K,5,0,0,13,1
45,sales_fact_1997,18.0,100,Bottom-K,5,0,0,11,1
45,sales_fact_1997,14.25,100,OutlierDetection,4,0,0,1559,1
45,sales_fact_1997,22.0,100,Clustering,2,0,0,1874,1
45,sales_fact_1997,17.0,100,DomainVariance,1,0,0,1445,1
45,sales_fact_1997,13.5,100,AggregationVariance,4,0,0,1454,1
45,sales_fact_1997,-1,100,Mckp,6,0,0,1,1
45,sales_fact_1997,13.0,100,Preamble,1,0,0,0,2
45,sales_fact_1997,16.0,100,Statistics,2,0,0,0,2
45,sales_fact_1997,21.666666666666668,100,Skyline,3,0,0,1639,2
45,sales_fact_1997,28.0,100,Clustering,2,0,0,1619,2
45,sales_fact_1997,6.0,100,Correlation,1,0,0,1401,2
45,sales_fact_1997,-1,100,Mckp,4,0,0,0,2
100,sales_fact_1997,10.0,100,Preamble,1,0,1,0,3
100,sales_fact_1997,8.0,100,Statistics,2,0,1,0,3
100,sales_fact_1997,16.0,100,Top-K,5,0,1,0,3
100,sales_fact_1997,16.0,100,Bottom-K,5,0,1,1,3
100,sales_fact_1997,12.5,100,OutlierDetection,4,0,1,1493,3
100,sales_fact_1997,22.0,100,Clustering,2,0,1,1625,3
100,sales_fact_1997,-1,100,Mckp,5,0,1,1,3
100,sales_fact_1997,10.0,100,Preamble,1,0,1,0,4
100,sales_fact_1997,8.0,100,Statistics,2,0,1,0,4
100,sales_fact_1997,17.6,100,Top-K,5,0,1,13,4
100,sales_fact_1997,17.0,100,Bottom-K,5,0,1,11,4
100,sales_fact_1997,14.0,100,OutlierDetection,4,0,1,1491,4
100,sales_fact_1997,22.0,100,Clustering,2,0,1,1598,4
100,sales_fact_1997,17.0,100,DomainVariance,1,0,1,1426,4
100,sales_fact_1997,13.25,100,AggregationVariance,4,0,1,1426,4
100,sales_fact_1997,-1,100,Mckp,6,0,1,0,4
100,sales_fact_1997,13.0,100,Preamble,1,0,1,0,5
100,sales_fact_1997,16.0,100,Statistics,2,0,1,1,5
100,sales_fact_1997,20.0,100,Skyline,2,0,1,1582,5
100,sales_fact_1997,28.0,100,Clustering,2,0,1,1606,5
100,sales_fact_1997,6.0,100,Correlation,1,0,1,1413,5
100,sales_fact_1997,-1,100,Mckp,4,0,1,0,5
100,sales_fact_1997,11.0,100,Preamble,1,0,2,0,6
100,sales_fact_1997,8.0,100,Statistics,2,0,2,0,6
100,sales_fact_1997,24.4,100,Top-K,5,0,2,0,6
100,sales_fact_1997,25.0,100,Bottom-K,5,0,2,1,6
100,sales_fact_1997,19.75,100,OutlierDetection,4,0,2,1497,6
100,sales_fact_1997,27.0,100,Clustering,3,0,2,1603,6
100,sales_fact_1997,-1,100,Mckp,5,0,2,0,6
100,sales_fact_1997,12.0,100,Preamble,1,0,2,0,7
100,sales_fact_1997,8.0,100,Statistics,2,0,2,0,7
100,sales_fact_1997,28.0,100,Top-K,5,0,2,7,7
100,sales_fact_1997,28.0,100,Bottom-K,5,0,2,4,7
100,sales_fact_1997,22.5,100,OutlierDetection,4,0,2,1505,7
100,sales_fact_1997,36.0,100,Assess,3,0,2,7,7
100,sales_fact_1997,27.0,100,Clustering,3,0,2,1578,7
100,sales_fact_1997,17.0,100,DomainVariance,1,0,2,1400,7
100,sales_fact_1997,20.0,100,AggregationVariance,4,0,2,1416,7
100,sales_fact_1997,23.0,100,UniformAggregationVariance,7,0,2,1411,7
100,sales_fact_1997,-1,100,Mckp,5,0,2,1,7
100,sales_fact_1997,16.0,100,Preamble,1,0,2,0,8
100,sales_fact_1997,8.0,100,Statistics,2,0,2,0,8
100,sales_fact_1997,28.0,100,Top-K,5,0,2,4,8
100,sales_fact_1997,26.2,100,Bottom-K,5,0,2,4,8
100,sales_fact_1997,22.5,100,OutlierDetection,4,0,2,1491,8
100,sales_fact_1997,27.0,100,Clustering,3,0,2,1602,8
100,sales_fact_1997,8.0,100,SlicingVariance,1,0,2,1414,8
100,sales_fact_1997,-1,100,Mckp,5,0,2,1,8
100,sales_fact_1997,19.0,100,Preamble,1,0,2,0,9
100,sales_fact_1997,16.0,100,Statistics,2,0,2,0,9
100,sales_fact_1997,25.0,100,Skyline,2,0,2,1564,9
100,sales_fact_1997,35.0,100,Clustering,3,0,2,1603,9
100,sales_fact_1997,6.0,100,Correlation,1,0,2,1402,9
100,sales_fact_1997,-1,100,Mckp,4,0,2,0,9
100,sales_fact_1997,10.0,100,Preamble,1,0,3,0,10
100,sales_fact_1997,8.0,100,Statistics,2,0,3,0,10
100,sales_fact_1997,24.8,100,Top-K,5,0,3,1,10
100,sales_fact_1997,22.8,100,Bottom-K,5,0,3,0,10
100,sales_fact_1997,17.5,100,OutlierDetection,4,0,3,1484,10
100,sales_fact_1997,27.0,100,Clustering,3,0,3,1612,10
100,sales_fact_1997,-1,100,Mckp,5,0,3,1,10
100,sales_fact_1997,11.0,100,Preamble,1,0,3,0,11
100,sales_fact_1997,8.0,100,Statistics,2,0,3,0,11
100,sales_fact_1997,27.2,100,Top-K,5,0,3,3,11
100,sales_fact_1997,27.0,100,Bottom-K,5,0,3,3,11
100,sales_fact_1997,22.0,100,OutlierDetection,4,0,3,1510,11
100,sales_fact_1997,35.333333333333336,100,Assess,3,0,3,5,11
100,sales_fact_1997,27.0,100,Clustering,3,0,3,1611,11
100,sales_fact_1997,17.0,100,DomainVariance,1,0,3,1414,11
100,sales_fact_1997,19.5,100,AggregationVariance,4,0,3,1426,11
100,sales_fact_1997,23.571428571428573,100,UniformAggregationVariance,7,0,3,1394,11
100,sales_fact_1997,-1,100,Mckp,5,0,3,1,11
100,sales_fact_1997,15.0,100,Preamble,1,0,3,0,12
100,sales_fact_1997,8.0,100,Statistics,2,0,3,0,12
100,sales_fact_1997,26.4,100,Top-K,5,0,3,3,12
100,sales_fact_1997,24.8,100,Bottom-K,5,0,3,3,12
100,sales_fact_1997,21.0,100,OutlierDetection,4,0,3,1486,12
100,sales_fact_1997,22.0,100,Clustering,2,0,3,1591,12
100,sales_fact_1997,8.0,100,SlicingVariance,1,0,3,1406,12
100,sales_fact_1997,-1,100,Mckp,6,0,3,1,12
100,sales_fact_1997,10.0,100,Preamble,1,0,4,0,13
100,sales_fact_1997,8.0,100,Statistics,2,0,4,0,13
100,sales_fact_1997,17.4,100,Top-K,5,0,4,0,13
100,sales_fact_1997,17.0,100,Bottom-K,5,0,4,0,13
100,sales_fact_1997,13.75,100,OutlierDetection,4,0,4,1475,13
100,sales_fact_1997,22.0,100,Clustering,2,0,4,1609,13
100,sales_fact_1997,-1,100,Mckp,5,0,4,0,13
100,sales_fact_1997,11.0,100,Preamble,1,0,4,0,14
100,sales_fact_1997,8.0,100,Statistics,2,0,4,0,14
100,sales_fact_1997,19.2,100,Top-K,5,0,4,2,14
100,sales_fact_1997,19.4,100,Bottom-K,5,0,4,3,14
100,sales_fact_1997,15.0,100,OutlierDetection,4,0,4,1491,14
100,sales_fact_1997,24.666666666666668,100,Assess,3,0,4,4,14
100,sales_fact_1997,27.0,100,Clustering,3,0,4,1646,14
100,sales_fact_1997,17.0,100,DomainVariance,1,0,4,1418,14
100,sales_fact_1997,NaN,100,AggregationVariance,0,0,4,1414,14
100,sales_fact_1997,6.0,100,UniformAggregationVariance,1,0,4,1402,14
100,sales_fact_1997,-1,100,Mckp,6,0,4,1,14
100,sales_fact_1997,15.0,100,Preamble,1,0,4,0,15
100,sales_fact_1997,8.0,100,Statistics,2,0,4,0,15
100,sales_fact_1997,19.2,100,Top-K,5,0,4,2,15
100,sales_fact_1997,19.0,100,Bottom-K,5,0,4,2,15
100,sales_fact_1997,15.0,100,OutlierDetection,4,0,4,1501,15
100,sales_fact_1997,27.0,100,Clustering,3,0,4,1711,15
100,sales_fact_1997,8.0,100,SlicingVariance,1,0,4,1460,15
100,sales_fact_1997,-1,100,Mckp,5,0,4,0,15
45,sales_fact_1997,10.0,100,Preamble,1,0,5,0,16
45,sales_fact_1997,8.0,100,Statistics,2,0,5,0,16
45,sales_fact_1997,18.2,100,Top-K,5,0,5,0,16
45,sales_fact_1997,18.4,100,Bottom-K,5,0,5,1,16
45,sales_fact_1997,15.25,100,OutlierDetection,4,0,5,1499,16
45,sales_fact_1997,22.0,100,Clustering,2,0,5,1626,16
45,sales_fact_1997,-1,100,Mckp,5,0,5,0,16
90,sales_fact_1997,11.0,100,Preamble,1,0,5,0,17
90,sales_fact_1997,8.0,100,Statistics,2,0,5,0,17
90,sales_fact_1997,22.0,100,Top-K,5,0,5,2,17
90,sales_fact_1997,21.4,100,Bottom-K,5,0,5,1,17
90,sales_fact_1997,18.75,100,OutlierDetection,4,0,5,1537,17
90,sales_fact_1997,25.333333333333332,100,Assess,3,0,5,3,17
90,sales_fact_1997,22.0,100,Clustering,2,0,5,1657,17
90,sales_fact_1997,17.0,100,DomainVariance,1,0,5,1443,17
90,sales_fact_1997,NaN,100,AggregationVariance,0,0,5,1443,17
90,sales_fact_1997,6.0,100,UniformAggregationVariance,1,0,5,1440,17
90,sales_fact_1997,-1,100,Mckp,6,0,5,1,17
90,sales_fact_1997,15.0,100,Preamble,1,0,5,0,18
90,sales_fact_1997,8.0,100,Statistics,2,0,5,0,18
90,sales_fact_1997,21.8,100,Top-K,5,0,5,2,18
90,sales_fact_1997,21.2,100,Bottom-K,5,0,5,2,18
90,sales_fact_1997,18.75,100,OutlierDetection,4,0,5,1625,18
90,sales_fact_1997,22.0,100,Clustering,2,0,5,1903,18
90,sales_fact_1997,8.0,100,SlicingVariance,1,0,5,1535,18
90,sales_fact_1997,-1,100,Mckp,5,0,5,1,18
102,sales_fact_1997,10.0,1000,Preamble,1,0,0,0,19
102,sales_fact_1997,8.0,1000,Statistics,2,0,0,0,19
102,sales_fact_1997,17.6,1000,Top-K,5,0,0,0,19
102,sales_fact_1997,17.0,1000,Bottom-K,5,0,0,0,19
102,sales_fact_1997,14.0,1000,OutlierDetection,4,0,0,2003,19
102,sales_fact_1997,22.0,1000,Clustering,2,0,0,1651,19
102,sales_fact_1997,-1,1000,Mckp,5,0,0,1,19
45,sales_fact_1997,10.0,1000,Preamble,1,0,0,0,20
45,sales_fact_1997,8.0,1000,Statistics,2,0,0,0,20
45,sales_fact_1997,18.0,1000,Top-K,5,0,0,11,20
45,sales_fact_1997,18.0,1000,Bottom-K,5,0,0,8,20
45,sales_fact_1997,14.25,1000,OutlierDetection,4,0,0,1649,20
45,sales_fact_1997,22.0,1000,Clustering,2,0,0,1711,20
45,sales_fact_1997,17.0,1000,DomainVariance,1,0,0,1677,20
45,sales_fact_1997,13.5,1000,AggregationVariance,4,0,0,1500,20
45,sales_fact_1997,-1,1000,Mckp,6,0,0,1,20
45,sales_fact_1997,13.0,1000,Preamble,1,0,0,0,21
45,sales_fact_1997,16.0,1000,Statistics,2,0,0,0,21
45,sales_fact_1997,21.666666666666668,1000,Skyline,3,0,0,1739,21
45,sales_fact_1997,28.0,1000,Clustering,2,0,0,1862,21
45,sales_fact_1997,6.0,1000,Correlation,1,0,0,1573,21
45,sales_fact_1997,-1,1000,Mckp,4,0,0,0,21
1000,sales_fact_1997,10.0,1000,Preamble,1,0,1,0,22
1000,sales_fact_1997,8.0,1000,Statistics,2,0,1,7,22
1000,sales_fact_1997,16.0,1000,Top-K,5,0,1,1,22
1000,sales_fact_1997,16.0,1000,Bottom-K,5,0,1,1,22
1000,sales_fact_1997,12.5,1000,OutlierDetection,4,0,1,1664,22
1000,sales_fact_1997,22.0,1000,Clustering,2,0,1,2255,22
1000,sales_fact_1997,-1,1000,Mckp,5,0,1,0,22
102,sales_fact_1997,10.0,1000,Preamble,1,0,1,0,23
102,sales_fact_1997,8.0,1000,Statistics,2,0,1,0,23
102,sales_fact_1997,17.6,1000,Top-K,5,0,1,15,23
102,sales_fact_1997,17.0,1000,Bottom-K,5,0,1,14,23
102,sales_fact_1997,14.0,1000,OutlierDetection,4,0,1,1749,23
102,sales_fact_1997,22.0,1000,Clustering,2,0,1,1717,23
102,sales_fact_1997,17.0,1000,DomainVariance,1,0,1,1476,23
102,sales_fact_1997,12.5,1000,AggregationVariance,4,0,1,1581,23
102,sales_fact_1997,-1,1000,Mckp,6,0,1,0,23
102,sales_fact_1997,13.0,1000,Preamble,1,0,1,0,24
102,sales_fact_1997,16.0,1000,Statistics,2,0,1,0,24
102,sales_fact_1997,20.0,1000,Skyline,2,0,1,1701,24
102,sales_fact_1997,28.0,1000,Clustering,2,0,1,1754,24
102,sales_fact_1997,6.0,1000,Correlation,1,0,1,1607,24
102,sales_fact_1997,-1,1000,Mckp,4,0,1,0,24
1000,sales_fact_1997,11.0,1000,Preamble,1,0,2,0,25
1000,sales_fact_1997,8.0,1000,Statistics,2,0,2,4,25
1000,sales_fact_1997,27.4,1000,Top-K,5,0,2,1,25
1000,sales_fact_1997,26.8,1000,Bottom-K,5,0,2,1,25
1000,sales_fact_1997,22.0,1000,OutlierDetection,4,0,2,1583,25
1000,sales_fact_1997,22.0,1000,Clustering,2,0,2,1950,25
1000,sales_fact_1997,-1,1000,Mckp,4,0,2,0,25
1000,sales_fact_1997,12.0,1000,Preamble,1,0,2,0,26
1000,sales_fact_1997,8.0,1000,Statistics,2,0,2,3,26
1000,sales_fact_1997,30.2,1000,Top-K,5,0,2,25,26
1000,sales_fact_1997,32.2,1000,Bottom-K,5,0,2,36,26
1000,sales_fact_1997,24.25,1000,OutlierDetection,4,0,2,1586,26
1000,sales_fact_1997,43.333333333333336,1000,Assess,3,0,2,46,26
1000,sales_fact_1997,22.0,1000,Clustering,2,0,2,1787,26
1000,sales_fact_1997,17.0,1000,DomainVariance,1,0,2,1538,26
1000,sales_fact_1997,20.0,1000,AggregationVariance,4,0,2,1482,26
1000,sales_fact_1997,23.0,1000,UniformAggregationVariance,7,0,2,1586,26
1000,sales_fact_1997,-1,1000,Mckp,5,0,2,1,26
1000,sales_fact_1997,16.0,1000,Preamble,1,0,2,0,27
1000,sales_fact_1997,8.0,1000,Statistics,2,0,2,5,27
1000,sales_fact_1997,30.0,1000,Top-K,5,0,2,30,27
1000,sales_fact_1997,33.4,1000,Bottom-K,5,0,2,37,27
1000,sales_fact_1997,24.0,1000,OutlierDetection,4,0,2,1650,27
1000,sales_fact_1997,22.0,1000,Clustering,2,0,2,1981,27
1000,sales_fact_1997,8.0,1000,SlicingVariance,1,0,2,1524,27
1000,sales_fact_1997,-1,1000,Mckp,5,0,2,0,27
1000,sales_fact_1997,19.0,1000,Preamble,1,0,2,0,28
1000,sales_fact_1997,16.0,1000,Statistics,2,0,2,11,28
1000,sales_fact_1997,29.666666666666668,1000,Skyline,3,0,2,1850,28
1000,sales_fact_1997,28.0,1000,Clustering,2,0,2,1872,28
1000,sales_fact_1997,6.0,1000,Correlation,1,0,2,1656,28
1000,sales_fact_1997,-1,1000,Mckp,4,0,2,1,28
1000,sales_fact_1997,10.0,1000,Preamble,1,0,3,0,29
1000,sales_fact_1997,8.0,1000,Statistics,2,0,3,4,29
1000,sales_fact_1997,23.6,1000,Top-K,5,0,3,1,29
1000,sales_fact_1997,24.0,1000,Bottom-K,5,0,3,0,29
1000,sales_fact_1997,19.5,1000,OutlierDetection,4,0,3,1843,29
1000,sales_fact_1997,22.0,1000,Clustering,2,0,3,1903,29
1000,sales_fact_1997,-1,1000,Mckp,5,0,3,0,29
1000,sales_fact_1997,11.0,1000,Preamble,1,0,3,0,30
1000,sales_fact_1997,8.0,1000,Statistics,2,0,3,4,30
1000,sales_fact_1997,27.4,1000,Top-K,5,0,3,20,30
1000,sales_fact_1997,26.8,1000,Bottom-K,5,0,3,20,30
1000,sales_fact_1997,21.5,1000,OutlierDetection,4,0,3,1686,30
1000,sales_fact_1997,34.0,1000,Assess,3,0,3,43,30
1000,sales_fact_1997,22.0,1000,Clustering,2,0,3,1752,30
1000,sales_fact_1997,17.0,1000,DomainVariance,1,0,3,1521,30
1000,sales_fact_1997,18.75,1000,AggregationVariance,4,0,3,1448,30
1000,sales_fact_1997,20.571428571428573,1000,UniformAggregationVariance,7,0,3,1491,30
1000,sales_fact_1997,-1,1000,Mckp,5,0,3,0,30
1000,sales_fact_1997,15.0,1000,Preamble,1,0,3,0,31
1000,sales_fact_1997,8.0,1000,Statistics,2,0,3,4,31
1000,sales_fact_1997,26.8,1000,Top-K,5,0,3,27,31
1000,sales_fact_1997,28.6,1000,Bottom-K,5,0,3,22,31
1000,sales_fact_1997,21.5,1000,OutlierDetection,4,0,3,1580,31
1000,sales_fact_1997,22.0,1000,Clustering,2,0,3,1794,31
1000,sales_fact_1997,8.0,1000,SlicingVariance,1,0,3,1662,31
1000,sales_fact_1997,-1,1000,Mckp,5,0,3,0,31
102,sales_fact_1997,10.0,1000,Preamble,1,0,4,0,32
102,sales_fact_1997,8.0,1000,Statistics,2,0,4,0,32
102,sales_fact_1997,17.4,1000,Top-K,5,0,4,0,32
102,sales_fact_1997,17.0,1000,Bottom-K,5,0,4,0,32
102,sales_fact_1997,13.75,1000,OutlierDetection,4,0,4,1765,32
102,sales_fact_1997,22.0,1000,Clustering,2,0,4,1775,32
102,sales_fact_1997,-1,1000,Mckp,5,0,4,0,32
204,sales_fact_1997,11.0,1000,Preamble,1,0,4,0,33
204,sales_fact_1997,8.0,1000,Statistics,2,0,4,0,33
204,sales_fact_1997,20.2,1000,Top-K,5,0,4,2,33
204,sales_fact_1997,20.0,1000,Bottom-K,5,0,4,3,33
204,sales_fact_1997,15.75,1000,OutlierDetection,4,0,4,1683,33
204,sales_fact_1997,24.0,1000,Assess,3,0,4,6,33
204,sales_fact_1997,22.0,1000,Clustering,2,0,4,1731,33
204,sales_fact_1997,17.0,1000,DomainVariance,1,0,4,1615,33
204,sales_fact_1997,NaN,1000,AggregationVariance,0,0,4,1478,33
204,sales_fact_1997,6.0,1000,UniformAggregationVariance,1,0,4,1475,33
204,sales_fact_1997,-1,1000,Mckp,6,0,4,0,33
204,sales_fact_1997,15.0,1000,Preamble,1,0,4,0,34
204,sales_fact_1997,8.0,1000,Statistics,2,0,4,0,34
204,sales_fact_1997,20.6,1000,Top-K,5,0,4,4,34
204,sales_fact_1997,19.2,1000,Bottom-K,5,0,4,5,34
204,sales_fact_1997,15.75,1000,OutlierDetection,4,0,4,1529,34
204,sales_fact_1997,22.0,1000,Clustering,2,0,4,1629,34
204,sales_fact_1997,8.0,1000,SlicingVariance,1,0,4,1489,34
204,sales_fact_1997,-1,1000,Mckp,5,0,4,1,34
45,sales_fact_1997,10.0,1000,Preamble,1,0,5,0,35
45,sales_fact_1997,8.0,1000,Statistics,2,0,5,0,35
45,sales_fact_1997,18.2,1000,Top-K,5,0,5,0,35
45,sales_fact_1997,18.4,1000,Bottom-K,5,0,5,0,35
45,sales_fact_1997,15.25,1000,OutlierDetection,4,0,5,1584,35
45,sales_fact_1997,22.0,1000,Clustering,2,0,5,1733,35
45,sales_fact_1997,-1,1000,Mckp,5,0,5,0,35
90,sales_fact_1997,11.0,1000,Preamble,1,0,5,0,36
90,sales_fact_1997,8.0,1000,Statistics,2,0,5,0,36
90,sales_fact_1997,22.0,1000,Top-K,5,0,5,2,36
90,sales_fact_1997,21.4,1000,Bottom-K,5,0,5,1,36
90,sales_fact_1997,18.75,1000,OutlierDetection,4,0,5,1669,36
90,sales_fact_1997,25.333333333333332,1000,Assess,3,0,5,4,36
90,sales_fact_1997,22.0,1000,Clustering,2,0,5,1711,36
90,sales_fact_1997,17.0,1000,DomainVariance,1,0,5,1431,36
90,sales_fact_1997,NaN,1000,AggregationVariance,0,0,5,1418,36
90,sales_fact_1997,6.0,1000,UniformAggregationVariance,1,0,5,1418,36
90,sales_fact_1997,-1,1000,Mckp,6,0,5,1,36
90,sales_fact_1997,15.0,1000,Preamble,1,0,5,0,37
90,sales_fact_1997,8.0,1000,Statistics,2,0,5,0,37
90,sales_fact_1997,21.8,1000,Top-K,5,0,5,2,37
90,sales_fact_1997,21.2,1000,Bottom-K,5,0,5,1,37
90,sales_fact_1997,18.75,1000,OutlierDetection,4,0,5,1500,37
90,sales_fact_1997,22.0,1000,Clustering,2,0,5,1627,37
90,sales_fact_1997,8.0,1000,SlicingVariance,1,0,5,1410,37
90,sales_fact_1997,-1,1000,Mckp,5,0,5,0,37
102,sales_fact_1997,10.0,10000,Preamble,1,0,0,0,38
102,sales_fact_1997,8.0,10000,Statistics,2,0,0,0,38
102,sales_fact_1997,17.6,10000,Top-K,5,0,0,0,38
102,sales_fact_1997,17.0,10000,Bottom-K,5,0,0,0,38
102,sales_fact_1997,14.0,10000,OutlierDetection,4,0,0,1498,38
102,sales_fact_1997,22.0,10000,Clustering,2,0,0,1618,38
102,sales_fact_1997,-1,10000,Mckp,5,0,0,0,38
45,sales_fact_1997,10.0,10000,Preamble,1,0,0,0,39
45,sales_fact_1997,8.0,10000,Statistics,2,0,0,0,39
45,sales_fact_1997,18.0,10000,Top-K,5,0,0,8,39
45,sales_fact_1997,18.0,10000,Bottom-K,5,0,0,6,39
45,sales_fact_1997,14.25,10000,OutlierDetection,4,0,0,1494,39
45,sales_fact_1997,22.0,10000,Clustering,2,0,0,1627,39
45,sales_fact_1997,17.0,10000,DomainVariance,1,0,0,1454,39
45,sales_fact_1997,13.5,10000,AggregationVariance,4,0,0,1434,39
45,sales_fact_1997,-1,10000,Mckp,6,0,0,0,39
45,sales_fact_1997,13.0,10000,Preamble,1,0,0,0,40
45,sales_fact_1997,16.0,10000,Statistics,2,0,0,0,40
45,sales_fact_1997,21.666666666666668,10000,Skyline,3,0,0,1589,40
45,sales_fact_1997,28.0,10000,Clustering,2,0,0,1593,40
45,sales_fact_1997,6.0,10000,Correlation,1,0,0,1419,40
45,sales_fact_1997,-1,10000,Mckp,4,0,0,1,40
1559,sales_fact_1997,10.0,10000,Preamble,1,0,1,0,41
1559,sales_fact_1997,8.0,10000,Statistics,2,0,1,10,41
1559,sales_fact_1997,16.0,10000,Top-K,5,0,1,1,41
1559,sales_fact_1997,16.0,10000,Bottom-K,5,0,1,0,41
1559,sales_fact_1997,12.5,10000,OutlierDetection,4,0,1,1564,41
1559,sales_fact_1997,22.0,10000,Clustering,2,0,1,1879,41
1559,sales_fact_1997,-1,10000,Mckp,5,0,1,0,41
102,sales_fact_1997,10.0,10000,Preamble,1,0,1,0,42
102,sales_fact_1997,8.0,10000,Statistics,2,0,1,0,42
102,sales_fact_1997,17.6,10000,Top-K,5,0,1,22,42
102,sales_fact_1997,17.0,10000,Bottom-K,5,0,1,18,42
102,sales_fact_1997,14.0,10000,OutlierDetection,4,0,1,1501,42
102,sales_fact_1997,22.0,10000,Clustering,2,0,1,1596,42
102,sales_fact_1997,17.0,10000,DomainVariance,1,0,1,1448,42
102,sales_fact_1997,12.5,10000,AggregationVariance,4,0,1,1449,42
102,sales_fact_1997,-1,10000,Mckp,6,0,1,1,42
102,sales_fact_1997,13.0,10000,Preamble,1,0,1,0,43
102,sales_fact_1997,16.0,10000,Statistics,2,0,1,0,43
102,sales_fact_1997,20.0,10000,Skyline,2,0,1,1588,43
102,sales_fact_1997,28.0,10000,Clustering,2,0,1,1645,43
102,sales_fact_1997,6.0,10000,Correlation,1,0,1,1768,43
102,sales_fact_1997,-1,10000,Mckp,4,0,1,0,43
10000,sales_fact_1997,11.0,10000,Preamble,1,0,2,0,44
10000,sales_fact_1997,8.0,10000,Statistics,2,0,2,462,44
10000,sales_fact_1997,25.0,10000,Top-K,5,0,2,6,44
10000,sales_fact_1997,27.4,10000,Bottom-K,5,0,2,3,44
10000,sales_fact_1997,20.0,10000,OutlierDetection,4,0,2,1782,44
10000,sales_fact_1997,27.0,10000,Clustering,3,0,2,8140,44
10000,sales_fact_1997,-1,10000,Mckp,4,0,2,0,44
10000,sales_fact_1997,12.0,10000,Preamble,1,0,2,0,45
10000,sales_fact_1997,8.0,10000,Statistics,2,0,2,380,45
10000,sales_fact_1997,28.0,10000,Top-K,5,0,2,928,45
10000,sales_fact_1997,33.0,10000,Bottom-K,5,0,2,891,45
10000,sales_fact_1997,22.5,10000,OutlierDetection,4,0,2,1879,45
10000,sales_fact_1997,38.666666666666664,10000,Assess,3,0,2,1066,45
10000,sales_fact_1997,22.0,10000,Clustering,2,0,2,8322,45
10000,sales_fact_1997,17.0,10000,DomainVariance,1,0,2,2358,45
10000,sales_fact_1997,20.0,10000,AggregationVariance,4,0,2,2341,45
10000,sales_fact_1997,23.142857142857142,10000,UniformAggregationVariance,7,0,2,2341,45
10000,sales_fact_1997,-1,10000,Mckp,4,0,2,0,45
10000,sales_fact_1997,16.0,10000,Preamble,1,0,2,0,46
10000,sales_fact_1997,8.0,10000,Statistics,2,0,2,376,46
10000,sales_fact_1997,28.0,10000,Top-K,5,0,2,1168,46
10000,sales_fact_1997,31.6,10000,Bottom-K,5,0,2,1199,46
10000,sales_fact_1997,22.5,10000,OutlierDetection,4,0,2,1708,46
10000,sales_fact_1997,22.0,10000,Clustering,2,0,2,8027,46
10000,sales_fact_1997,8.0,10000,SlicingVariance,1,0,2,1532,46
10000,sales_fact_1997,-1,10000,Mckp,5,0,2,1,46
10000,sales_fact_1997,19.0,10000,Preamble,1,0,2,0,47
10000,sales_fact_1997,16.0,10000,Statistics,2,0,2,740,47
10000,sales_fact_1997,NaN,10000,Skyline,0,0,2,1607,47
10000,sales_fact_1997,28.0,10000,Clustering,2,0,2,11061,47
10000,sales_fact_1997,6.0,10000,Correlation,1,0,2,1497,47
10000,sales_fact_1997,-1,10000,Mckp,3,0,2,0,47
1559,sales_fact_1997,10.0,10000,Preamble,1,0,3,0,48
1559,sales_fact_1997,8.0,10000,Statistics,2,0,3,11,48
1559,sales_fact_1997,23.4,10000,Top-K,5,0,3,1,48
1559,sales_fact_1997,22.2,10000,Bottom-K,5,0,3,0,48
1559,sales_fact_1997,19.0,10000,OutlierDetection,4,0,3,1556,48
1559,sales_fact_1997,22.0,10000,Clustering,2,0,3,1919,48
1559,sales_fact_1997,-1,10000,Mckp,5,0,3,0,48
3118,sales_fact_1997,11.0,10000,Preamble,1,0,3,0,49
3118,sales_fact_1997,8.0,10000,Statistics,2,0,3,39,49
3118,sales_fact_1997,27.0,10000,Top-K,5,0,3,85,49
3118,sales_fact_1997,24.8,10000,Bottom-K,5,0,3,76,49
3118,sales_fact_1997,21.5,10000,OutlierDetection,4,0,3,1585,49
3118,sales_fact_1997,32.0,10000,Assess,3,0,3,122,49
3118,sales_fact_1997,22.0,10000,Clustering,2,0,3,2438,49
3118,sales_fact_1997,17.0,10000,DomainVariance,1,0,3,1565,49
3118,sales_fact_1997,17.75,10000,AggregationVariance,4,0,3,1713,49
3118,sales_fact_1997,18.285714285714285,10000,UniformAggregationVariance,7,0,3,1624,49
3118,sales_fact_1997,-1,10000,Mckp,5,0,3,0,49
3118,sales_fact_1997,15.0,10000,Preamble,1,0,3,0,50
3118,sales_fact_1997,8.0,10000,Statistics,2,0,3,38,50
3118,sales_fact_1997,26.8,10000,Top-K,5,0,3,121,50
3118,sales_fact_1997,27.4,10000,Bottom-K,5,0,3,123,50
3118,sales_fact_1997,21.5,10000,OutlierDetection,4,0,3,1729,50
3118,sales_fact_1997,22.0,10000,Clustering,2,0,3,2433,50
3118,sales_fact_1997,8.0,10000,SlicingVariance,1,0,3,1482,50
3118,sales_fact_1997,-1,10000,Mckp,5,0,3,1,50
102,sales_fact_1997,10.0,10000,Preamble,1,0,4,0,51
102,sales_fact_1997,8.0,10000,Statistics,2,0,4,1,51
102,sales_fact_1997,17.4,10000,Top-K,5,0,4,0,51
102,sales_fact_1997,17.0,10000,Bottom-K,5,0,4,0,51
102,sales_fact_1997,13.75,10000,OutlierDetection,4,0,4,1570,51
102,sales_fact_1997,22.0,10000,Clustering,2,0,4,1744,51
102,sales_fact_1997,-1,10000,Mckp,5,0,4,0,51
204,sales_fact_1997,11.0,10000,Preamble,1,0,4,0,52
204,sales_fact_1997,8.0,10000,Statistics,2,0,4,0,52
204,sales_fact_1997,20.2,10000,Top-K,5,0,4,3,52
204,sales_fact_1997,20.0,10000,Bottom-K,5,0,4,4,52
204,sales_fact_1997,15.75,10000,OutlierDetection,4,0,4,1699,52
204,sales_fact_1997,24.0,10000,Assess,3,0,4,6,52
204,sales_fact_1997,22.0,10000,Clustering,2,0,4,1639,52
204,sales_fact_1997,17.0,10000,DomainVariance,1,0,4,1456,52
204,sales_fact_1997,NaN,10000,AggregationVariance,0,0,4,1481,52
204,sales_fact_1997,6.0,10000,UniformAggregationVariance,1,0,4,1528,52
204,sales_fact_1997,-1,10000,Mckp,6,0,4,0,52
204,sales_fact_1997,15.0,10000,Preamble,1,0,4,0,53
204,sales_fact_1997,8.0,10000,Statistics,2,0,4,0,53
204,sales_fact_1997,20.6,10000,Top-K,5,0,4,4,53
204,sales_fact_1997,19.2,10000,Bottom-K,5,0,4,4,53
204,sales_fact_1997,15.75,10000,OutlierDetection,4,0,4,1536,53
204,sales_fact_1997,22.0,10000,Clustering,2,0,4,1569,53
204,sales_fact_1997,8.0,10000,SlicingVariance,1,0,4,1456,53
204,sales_fact_1997,-1,10000,Mckp,5,0,4,1,53
45,sales_fact_1997,10.0,10000,Preamble,1,0,5,0,54
45,sales_fact_1997,8.0,10000,Statistics,2,0,5,0,54
45,sales_fact_1997,18.2,10000,Top-K,5,0,5,0,54
45,sales_fact_1997,18.4,10000,Bottom-K,5,0,5,0,54
45,sales_fact_1997,15.25,10000,OutlierDetection,4,0,5,1542,54
45,sales_fact_1997,22.0,10000,Clustering,2,0,5,1647,54
45,sales_fact_1997,-1,10000,Mckp,5,0,5,1,54
90,sales_fact_1997,11.0,10000,Preamble,1,0,5,0,55
90,sales_fact_1997,8.0,10000,Statistics,2,0,5,0,55
90,sales_fact_1997,22.0,10000,Top-K,5,0,5,1,55
90,sales_fact_1997,21.4,10000,Bottom-K,5,0,5,1,55
90,sales_fact_1997,18.75,10000,OutlierDetection,4,0,5,1524,55
90,sales_fact_1997,25.333333333333332,10000,Assess,3,0,5,3,55
90,sales_fact_1997,22.0,10000,Clustering,2,0,5,1728,55
90,sales_fact_1997,17.0,10000,DomainVariance,1,0,5,1431,55
90,sales_fact_1997,NaN,10000,AggregationVariance,0,0,5,1420,55
90,sales_fact_1997,6.0,10000,UniformAggregationVariance,1,0,5,1440,55
90,sales_fact_1997,-1,10000,Mckp,6,0,5,0,55
90,sales_fact_1997,15.0,10000,Preamble,1,0,5,0,56
90,sales_fact_1997,8.0,10000,Statistics,2,0,5,0,56
90,sales_fact_1997,21.8,10000,Top-K,5,0,5,1,56
90,sales_fact_1997,21.2,10000,Bottom-K,5,0,5,2,56
90,sales_fact_1997,18.75,10000,OutlierDetection,4,0,5,1647,56
90,sales_fact_1997,22.0,10000,Clustering,2,0,5,1634,56
90,sales_fact_1997,8.0,10000,SlicingVariance,1,0,5,1442,56
90,sales_fact_1997,-1,10000,Mckp,5,0,5,1,56
100,sales_fact_1997,10.0,100,Preamble,1,1,0,0,57
100,sales_fact_1997,8.0,100,Statistics,2,1,0,0,57
100,sales_fact_1997,17.6,100,Top-K,5,1,0,1,57
100,sales_fact_1997,17.0,100,Bottom-K,5,1,0,0,57
100,sales_fact_1997,14.0,100,OutlierDetection,4,1,0,1784,57
100,sales_fact_1997,22.0,100,Clustering,2,1,0,1668,57
100,sales_fact_1997,-1,100,Mckp,5,1,0,1,57
45,sales_fact_1997,10.0,100,Preamble,1,1,0,0,58
45,sales_fact_1997,8.0,100,Statistics,2,1,0,0,58
45,sales_fact_1997,18.0,100,Top-K,5,1,0,9,58
45,sales_fact_1997,18.0,100,Bottom-K,5,1,0,8,58
45,sales_fact_1997,14.25,100,OutlierDetection,4,1,0,1587,58
45,sales_fact_1997,22.0,100,Clustering,2,1,0,1655,58
45,sales_fact_1997,17.0,100,DomainVariance,1,1,0,1582,58
45,sales_fact_1997,13.5,100,AggregationVariance,4,1,0,1508,58
45,sales_fact_1997,-1,100,Mckp,6,1,0,1,58
45,sales_fact_1997,13.0,100,Preamble,1,1,0,0,59
45,sales_fact_1997,16.0,100,Statistics,2,1,0,0,59
45,sales_fact_1997,21.666666666666668,100,Skyline,3,1,0,1601,59
45,sales_fact_1997,28.0,100,Clustering,2,1,0,1748,59
45,sales_fact_1997,6.0,100,Correlation,1,1,0,1466,59
45,sales_fact_1997,-1,100,Mckp,4,1,0,0,59
100,sales_fact_1997,10.0,100,Preamble,1,1,1,0,60
100,sales_fact_1997,8.0,100,Statistics,2,1,1,0,60
100,sales_fact_1997,16.0,100,Top-K,5,1,1,0,60
100,sales_fact_1997,16.0,100,Bottom-K,5,1,1,0,60
100,sales_fact_1997,12.5,100,OutlierDetection,4,1,1,1614,60
100,sales_fact_1997,22.0,100,Clustering,2,1,1,1667,60
100,sales_fact_1997,-1,100,Mckp,5,1,1,0,60
100,sales_fact_1997,10.0,100,Preamble,1,1,1,0,61
100,sales_fact_1997,8.0,100,Statistics,2,1,1,0,61
100,sales_fact_1997,17.6,100,Top-K,5,1,1,8,61
100,sales_fact_1997,17.0,100,Bottom-K,5,1,1,7,61
100,sales_fact_1997,14.0,100,OutlierDetection,4,1,1,1533,61
100,sales_fact_1997,22.0,100,Clustering,2,1,1,1647,61
100,sales_fact_1997,17.0,100,DomainVariance,1,1,1,1459,61
100,sales_fact_1997,13.25,100,AggregationVariance,4,1,1,1509,61
100,sales_fact_1997,-1,100,Mckp,6,1,1,0,61
100,sales_fact_1997,13.0,100,Preamble,1,1,1,0,62
100,sales_fact_1997,16.0,100,Statistics,2,1,1,0,62
100,sales_fact_1997,20.0,100,Skyline,2,1,1,1662,62
100,sales_fact_1997,28.0,100,Clustering,2,1,1,1708,62
100,sales_fact_1997,6.0,100,Correlation,1,1,1,1435,62
100,sales_fact_1997,-1,100,Mckp,4,1,1,0,62
100,sales_fact_1997,11.0,100,Preamble,1,1,2,0,63
100,sales_fact_1997,8.0,100,Statistics,2,1,2,0,63
100,sales_fact_1997,24.4,100,Top-K,5,1,2,0,63
100,sales_fact_1997,25.0,100,Bottom-K,5,1,2,0,63
100,sales_fact_1997,19.75,100,OutlierDetection,4,1,2,1608,63
100,sales_fact_1997,27.0,100,Clustering,3,1,2,1857,63
100,sales_fact_1997,-1,100,Mckp,5,1,2,0,63
100,sales_fact_1997,12.0,100,Preamble,1,1,2,0,64
100,sales_fact_1997,8.0,100,Statistics,2,1,2,0,64
100,sales_fact_1997,28.0,100,Top-K,5,1,2,2,64
100,sales_fact_1997,28.0,100,Bottom-K,5,1,2,2,64
100,sales_fact_1997,22.5,100,OutlierDetection,4,1,2,1712,64
100,sales_fact_1997,36.0,100,Assess,3,1,2,3,64
100,sales_fact_1997,27.0,100,Clustering,3,1,2,1757,64
100,sales_fact_1997,17.0,100,DomainVariance,1,1,2,1534,64
100,sales_fact_1997,20.0,100,AggregationVariance,4,1,2,1478,64
100,sales_fact_1997,23.0,100,UniformAggregationVariance,7,1,2,1479,64
100,sales_fact_1997,-1,100,Mckp,5,1,2,1,64
100,sales_fact_1997,16.0,100,Preamble,1,1,2,0,65
100,sales_fact_1997,8.0,100,Statistics,2,1,2,0,65
100,sales_fact_1997,28.0,100,Top-K,5,1,2,2,65
100,sales_fact_1997,26.2,100,Bottom-K,5,1,2,2,65
100,sales_fact_1997,22.5,100,OutlierDetection,4,1,2,1566,65
100,sales_fact_1997,27.0,100,Clustering,3,1,2,2224,65
100,sales_fact_1997,8.0,100,SlicingVariance,1,1,2,1624,65
100,sales_fact_1997,-1,100,Mckp,5,1,2,0,65
100,sales_fact_1997,19.0,100,Preamble,1,1,2,0,66
100,sales_fact_1997,16.0,100,Statistics,2,1,2,1,66
100,sales_fact_1997,25.0,100,Skyline,2,1,2,1612,66
100,sales_fact_1997,35.0,100,Clustering,3,1,2,1652,66
100,sales_fact_1997,6.0,100,Correlation,1,1,2,1456,66
100,sales_fact_1997,-1,100,Mckp,4,1,2,0,66
100,sales_fact_1997,10.0,100,Preamble,1,1,3,0,67
100,sales_fact_1997,8.0,100,Statistics,2,1,3,0,67
100,sales_fact_1997,24.8,100,Top-K,5,1,3,0,67
100,sales_fact_1997,22.8,100,Bottom-K,5,1,3,0,67
100,sales_fact_1997,17.5,100,OutlierDetection,4,1,3,1521,67
100,sales_fact_1997,27.0,100,Clustering,3,1,3,1625,67
100,sales_fact_1997,-1,100,Mckp,5,1,3,0,67
100,sales_fact_1997,11.0,100,Preamble,1,1,3,0,68
100,sales_fact_1997,8.0,100,Statistics,2,1,3,0,68
100,sales_fact_1997,27.2,100,Top-K,5,1,3,1,68
100,sales_fact_1997,27.0,100,Bottom-K,5,1,3,2,68
100,sales_fact_1997,22.0,100,OutlierDetection,4,1,3,1503,68
100,sales_fact_1997,35.333333333333336,100,Assess,3,1,3,4,68
100,sales_fact_1997,27.0,100,Clustering,3,1,3,1625,68
100,sales_fact_1997,17.0,100,DomainVariance,1,1,3,1401,68
100,sales_fact_1997,19.5,100,AggregationVariance,4,1,3,1420,68
100,sales_fact_1997,23.571428571428573,100,UniformAggregationVariance,7,1,3,1428,68
100,sales_fact_1997,-1,100,Mckp,5,1,3,1,68
100,sales_fact_1997,15.0,100,Preamble,1,1,3,0,69
100,sales_fact_1997,8.0,100,Statistics,2,1,3,0,69
100,sales_fact_1997,26.4,100,Top-K,5,1,3,2,69
100,sales_fact_1997,24.8,100,Bottom-K,5,1,3,2,69
100,sales_fact_1997,21.0,100,OutlierDetection,4,1,3,1502,69
100,sales_fact_1997,22.0,100,Clustering,2,1,3,1588,69
100,sales_fact_1997,8.0,100,SlicingVariance,1,1,3,1427,69
100,sales_fact_1997,-1,100,Mckp,6,1,3,1,69
100,sales_fact_1997,10.0,100,Preamble,1,1,4,0,70
100,sales_fact_1997,8.0,100,Statistics,2,1,4,1,70
100,sales_fact_1997,17.4,100,Top-K,5,1,4,0,70
100,sales_fact_1997,17.0,100,Bottom-K,5,1,4,0,70
100,sales_fact_1997,13.75,100,OutlierDetection,4,1,4,1567,70
100,sales_fact_1997,22.0,100,Clustering,2,1,4,2013,70
100,sales_fact_1997,-1,100,Mckp,5,1,4,0,70
100,sales_fact_1997,11.0,100,Preamble,1,1,4,0,71
100,sales_fact_1997,8.0,100,Statistics,2,1,4,1,71
100,sales_fact_1997,19.2,100,Top-K,5,1,4,2,71
100,sales_fact_1997,19.4,100,Bottom-K,5,1,4,1,71
100,sales_fact_1997,15.0,100,OutlierDetection,4,1,4,1772,71
100,sales_fact_1997,24.666666666666668,100,Assess,3,1,4,3,71
100,sales_fact_1997,27.0,100,Clustering,3,1,4,1805,71
100,sales_fact_1997,17.0,100,DomainVariance,1,1,4,1521,71
100,sales_fact_1997,NaN,100,AggregationVariance,0,1,4,1538,71
100,sales_fact_1997,6.0,100,UniformAggregationVariance,1,1,4,1503,71
100,sales_fact_1997,-1,100,Mckp,6,1,4,0,71
100,sales_fact_1997,15.0,100,Preamble,1,1,4,0,72
100,sales_fact_1997,8.0,100,Statistics,2,1,4,0,72
100,sales_fact_1997,19.2,100,Top-K,5,1,4,2,72
100,sales_fact_1997,19.0,100,Bottom-K,5,1,4,2,72
100,sales_fact_1997,15.0,100,OutlierDetection,4,1,4,1591,72
100,sales_fact_1997,27.0,100,Clustering,3,1,4,1739,72
100,sales_fact_1997,8.0,100,SlicingVariance,1,1,4,1487,72
100,sales_fact_1997,-1,100,Mckp,5,1,4,0,72
45,sales_fact_1997,10.0,100,Preamble,1,1,5,0,73
45,sales_fact_1997,8.0,100,Statistics,2,1,5,0,73
45,sales_fact_1997,18.2,100,Top-K,5,1,5,0,73
45,sales_fact_1997,18.4,100,Bottom-K,5,1,5,0,73
45,sales_fact_1997,15.25,100,OutlierDetection,4,1,5,1511,73
45,sales_fact_1997,22.0,100,Clustering,2,1,5,1686,73
45,sales_fact_1997,-1,100,Mckp,5,1,5,0,73
90,sales_fact_1997,11.0,100,Preamble,1,1,5,0,74
90,sales_fact_1997,8.0,100,Statistics,2,1,5,0,74
90,sales_fact_1997,22.0,100,Top-K,5,1,5,1,74
90,sales_fact_1997,21.4,100,Bottom-K,5,1,5,1,74
90,sales_fact_1997,18.75,100,OutlierDetection,4,1,5,1520,74
90,sales_fact_1997,25.333333333333332,100,Assess,3,1,5,3,74
90,sales_fact_1997,22.0,100,Clustering,2,1,5,1651,74
90,sales_fact_1997,17.0,100,DomainVariance,1,1,5,1456,74
90,sales_fact_1997,NaN,100,AggregationVariance,0,1,5,1457,74
90,sales_fact_1997,6.0,100,UniformAggregationVariance,1,1,5,1429,74
90,sales_fact_1997,-1,100,Mckp,6,1,5,0,74
90,sales_fact_1997,15.0,100,Preamble,1,1,5,0,75
90,sales_fact_1997,8.0,100,Statistics,2,1,5,0,75
90,sales_fact_1997,21.8,100,Top-K,5,1,5,2,75
90,sales_fact_1997,21.2,100,Bottom-K,5,1,5,2,75
90,sales_fact_1997,18.75,100,OutlierDetection,4,1,5,1518,75
90,sales_fact_1997,22.0,100,Clustering,2,1,5,1652,75
90,sales_fact_1997,8.0,100,SlicingVariance,1,1,5,1426,75
90,sales_fact_1997,-1,100,Mckp,5,1,5,0,75
102,sales_fact_1997,10.0,1000,Preamble,1,1,0,0,76
102,sales_fact_1997,8.0,1000,Statistics,2,1,0,0,76
102,sales_fact_1997,17.6,1000,Top-K,5,1,0,0,76
102,sales_fact_1997,17.0,1000,Bottom-K,5,1,0,0,76
102,sales_fact_1997,14.0,1000,OutlierDetection,4,1,0,1519,76
102,sales_fact_1997,22.0,1000,Clustering,2,1,0,1594,76
102,sales_fact_1997,-1,1000,Mckp,5,1,0,0,76
45,sales_fact_1997,10.0,1000,Preamble,1,1,0,0,77
45,sales_fact_1997,8.0,1000,Statistics,2,1,0,0,77
45,sales_fact_1997,18.0,1000,Top-K,5,1,0,8,77
45,sales_fact_1997,18.0,1000,Bottom-K,5,1,0,6,77
45,sales_fact_1997,14.25,1000,OutlierDetection,4,1,0,1521,77
45,sales_fact_1997,22.0,1000,Clustering,2,1,0,1653,77
45,sales_fact_1997,17.0,1000,DomainVariance,1,1,0,1451,77
45,sales_fact_1997,13.5,1000,AggregationVariance,4,1,0,1464,77
45,sales_fact_1997,-1,1000,Mckp,6,1,0,0,77
45,sales_fact_1997,13.0,1000,Preamble,1,1,0,0,78
45,sales_fact_1997,16.0,1000,Statistics,2,1,0,0,78
45,sales_fact_1997,21.666666666666668,1000,Skyline,3,1,0,1604,78
45,sales_fact_1997,28.0,1000,Clustering,2,1,0,1623,78
45,sales_fact_1997,6.0,1000,Correlation,1,1,0,1446,78
45,sales_fact_1997,-1,1000,Mckp,4,1,0,0,78
1000,sales_fact_1997,10.0,1000,Preamble,1,1,1,0,79
1000,sales_fact_1997,8.0,1000,Statistics,2,1,1,5,79
1000,sales_fact_1997,16.0,1000,Top-K,5,1,1,1,79
1000,sales_fact_1997,16.0,1000,Bottom-K,5,1,1,0,79
1000,sales_fact_1997,12.5,1000,OutlierDetection,4,1,1,1543,79
1000,sales_fact_1997,22.0,1000,Clustering,2,1,1,1837,79
1000,sales_fact_1997,-1,1000,Mckp,5,1,1,0,79
102,sales_fact_1997,10.0,1000,Preamble,1,1,1,0,80
102,sales_fact_1997,8.0,1000,Statistics,2,1,1,0,80
102,sales_fact_1997,17.6,1000,Top-K,5,1,1,15,80
102,sales_fact_1997,17.0,1000,Bottom-K,5,1,1,13,80
102,sales_fact_1997,14.0,1000,OutlierDetection,4,1,1,1598,80
102,sales_fact_1997,22.0,1000,Clustering,2,1,1,1674,80
102,sales_fact_1997,17.0,1000,DomainVariance,1,1,1,1526,80
102,sales_fact_1997,12.5,1000,AggregationVariance,4,1,1,1526,80
102,sales_fact_1997,-1,1000,Mckp,6,1,1,0,80
102,sales_fact_1997,13.0,1000,Preamble,1,1,1,0,81
102,sales_fact_1997,16.0,1000,Statistics,2,1,1,0,81
102,sales_fact_1997,20.0,1000,Skyline,2,1,1,1636,81
102,sales_fact_1997,28.0,1000,Clustering,2,1,1,1649,81
102,sales_fact_1997,6.0,1000,Correlation,1,1,1,1443,81
102,sales_fact_1997,-1,1000,Mckp,4,1,1,0,81
1000,sales_fact_1997,11.0,1000,Preamble,1,1,2,0,82
1000,sales_fact_1997,8.0,1000,Statistics,2,1,2,5,82
1000,sales_fact_1997,27.4,1000,Top-K,5,1,2,1,82
1000,sales_fact_1997,26.8,1000,Bottom-K,5,1,2,0,82
1000,sales_fact_1997,22.0,1000,OutlierDetection,4,1,2,1538,82
1000,sales_fact_1997,22.0,1000,Clustering,2,1,2,1790,82
1000,sales_fact_1997,-1,1000,Mckp,4,1,2,0,82
1000,sales_fact_1997,12.0,1000,Preamble,1,1,2,0,83
1000,sales_fact_1997,8.0,1000,Statistics,2,1,2,5,83
1000,sales_fact_1997,30.2,1000,Top-K,5,1,2,25,83
1000,sales_fact_1997,32.2,1000,Bottom-K,5,1,2,20,83
1000,sales_fact_1997,24.25,1000,OutlierDetection,4,1,2,1528,83
1000,sales_fact_1997,43.333333333333336,1000,Assess,3,1,2,42,83
1000,sales_fact_1997,22.0,1000,Clustering,2,1,2,1747,83
1000,sales_fact_1997,17.0,1000,DomainVariance,1,1,2,1496,83
1000,sales_fact_1997,20.0,1000,AggregationVariance,4,1,2,1509,83
1000,sales_fact_1997,23.0,1000,UniformAggregationVariance,7,1,2,1463,83
1000,sales_fact_1997,-1,1000,Mckp,5,1,2,1,83
1000,sales_fact_1997,16.0,1000,Preamble,1,1,2,0,84
1000,sales_fact_1997,8.0,1000,Statistics,2,1,2,3,84
1000,sales_fact_1997,30.0,1000,Top-K,5,1,2,27,84
1000,sales_fact_1997,33.4,1000,Bottom-K,5,1,2,26,84
1000,sales_fact_1997,24.0,1000,OutlierDetection,4,1,2,1542,84
1000,sales_fact_1997,22.0,1000,Clustering,2,1,2,1711,84
1000,sales_fact_1997,8.0,1000,SlicingVariance,1,1,2,1451,84
1000,sales_fact_1997,-1,1000,Mckp,5,1,2,0,84
1000,sales_fact_1997,19.0,1000,Preamble,1,1,2,0,85
1000,sales_fact_1997,16.0,1000,Statistics,2,1,2,8,85
1000,sales_fact_1997,29.666666666666668,1000,Skyline,3,1,2,1619,85
1000,sales_fact_1997,28.0,1000,Clustering,2,1,2,1767,85
1000,sales_fact_1997,6.0,1000,Correlation,1,1,2,1465,85
1000,sales_fact_1997,-1,1000,Mckp,4,1,2,1,85
1000,sales_fact_1997,10.0,1000,Preamble,1,1,3,0,86
1000,sales_fact_1997,8.0,1000,Statistics,2,1,3,4,86
1000,sales_fact_1997,23.6,1000,Top-K,5,1,3,0,86
1000,sales_fact_1997,24.0,1000,Bottom-K,5,1,3,1,86
1000,sales_fact_1997,19.5,1000,OutlierDetection,4,1,3,1537,86
1000,sales_fact_1997,22.0,1000,Clustering,2,1,3,1850,86
1000,sales_fact_1997,-1,1000,Mckp,5,1,3,1,86
1000,sales_fact_1997,11.0,1000,Preamble,1,1,3,0,87
1000,sales_fact_1997,8.0,1000,Statistics,2,1,3,6,87
1000,sales_fact_1997,27.4,1000,Top-K,5,1,3,17,87
1000,sales_fact_1997,26.8,1000,Bottom-K,5,1,3,18,87
1000,sales_fact_1997,21.5,1000,OutlierDetection,4,1,3,1532,87
1000,sales_fact_1997,34.0,1000,Assess,3,1,3,32,87
1000,sales_fact_1997,22.0,1000,Clustering,2,1,3,1723,87
1000,sales_fact_1997,17.0,1000,DomainVariance,1,1,3,1491,87
1000,sales_fact_1997,18.75,1000,AggregationVariance,4,1,3,1483,87
1000,sales_fact_1997,20.571428571428573,1000,UniformAggregationVariance,7,1,3,1550,87
1000,sales_fact_1997,-1,1000,Mckp,5,1,3,1,87
1000,sales_fact_1997,15.0,1000,Preamble,1,1,3,0,88
1000,sales_fact_1997,8.0,1000,Statistics,2,1,3,3,88
1000,sales_fact_1997,26.8,1000,Top-K,5,1,3,22,88
1000,sales_fact_1997,28.6,1000,Bottom-K,5,1,3,24,88
1000,sales_fact_1997,21.5,1000,OutlierDetection,4,1,3,1583,88
1000,sales_fact_1997,22.0,1000,Clustering,2,1,3,1733,88
1000,sales_fact_1997,8.0,1000,SlicingVariance,1,1,3,1515,88
1000,sales_fact_1997,-1,1000,Mckp,5,1,3,0,88
102,sales_fact_1997,10.0,1000,Preamble,1,1,4,0,89
102,sales_fact_1997,8.0,1000,Statistics,2,1,4,1,89
102,sales_fact_1997,17.4,1000,Top-K,5,1,4,0,89
102,sales_fact_1997,17.0,1000,Bottom-K,5,1,4,0,89
102,sales_fact_1997,13.75,1000,OutlierDetection,4,1,4,1696,89
102,sales_fact_1997,22.0,1000,Clustering,2,1,4,1934,89
102,sales_fact_1997,-1,1000,Mckp,5,1,4,0,89
204,sales_fact_1997,11.0,1000,Preamble,1,1,4,0,90
204,sales_fact_1997,8.0,1000,Statistics,2,1,4,0,90
204,sales_fact_1997,20.2,1000,Top-K,5,1,4,3,90
204,sales_fact_1997,20.0,1000,Bottom-K,5,1,4,3,90
204,sales_fact_1997,15.75,1000,OutlierDetection,4,1,4,1575,90
204,sales_fact_1997,24.0,1000,Assess,3,1,4,6,90
204,sales_fact_1997,22.0,1000,Clustering,2,1,4,1658,90
204,sales_fact_1997,17.0,1000,DomainVariance,1,1,4,1478,90
204,sales_fact_1997,NaN,1000,AggregationVariance,0,1,4,1509,90
204,sales_fact_1997,6.0,1000,UniformAggregationVariance,1,1,4,1510,90
204,sales_fact_1997,-1,1000,Mckp,6,1,4,1,90
204,sales_fact_1997,15.0,1000,Preamble,1,1,4,0,91
204,sales_fact_1997,8.0,1000,Statistics,2,1,4,0,91
204,sales_fact_1997,20.6,1000,Top-K,5,1,4,3,91
204,sales_fact_1997,19.2,1000,Bottom-K,5,1,4,4,91
204,sales_fact_1997,15.75,1000,OutlierDetection,4,1,4,1550,91
204,sales_fact_1997,22.0,1000,Clustering,2,1,4,1628,91
204,sales_fact_1997,8.0,1000,SlicingVariance,1,1,4,1458,91
204,sales_fact_1997,-1,1000,Mckp,5,1,4,1,91
45,sales_fact_1997,10.0,1000,Preamble,1,1,5,0,92
45,sales_fact_1997,8.0,1000,Statistics,2,1,5,0,92
45,sales_fact_1997,18.2,1000,Top-K,5,1,5,1,92
45,sales_fact_1997,18.4,1000,Bottom-K,5,1,5,0,92
45,sales_fact_1997,15.25,1000,OutlierDetection,4,1,5,1532,92
45,sales_fact_1997,22.0,1000,Clustering,2,1,5,1697,92
45,sales_fact_1997,-1,1000,Mckp,5,1,5,0,92
90,sales_fact_1997,11.0,1000,Preamble,1,1,5,0,93
90,sales_fact_1997,8.0,1000,Statistics,2,1,5,0,93
90,sales_fact_1997,22.0,1000,Top-K,5,1,5,1,93
90,sales_fact_1997,21.4,1000,Bottom-K,5,1,5,1,93
90,sales_fact_1997,18.75,1000,OutlierDetection,4,1,5,1533,93
90,sales_fact_1997,25.333333333333332,1000,Assess,3,1,5,3,93
90,sales_fact_1997,22.0,1000,Clustering,2,1,5,1673,93
90,sales_fact_1997,17.0,1000,DomainVariance,1,1,5,1459,93
90,sales_fact_1997,NaN,1000,AggregationVariance,0,1,5,1480,93
90,sales_fact_1997,6.0,1000,UniformAggregationVariance,1,1,5,1450,93
90,sales_fact_1997,-1,1000,Mckp,6,1,5,0,93
90,sales_fact_1997,15.0,1000,Preamble,1,1,5,0,94
90,sales_fact_1997,8.0,1000,Statistics,2,1,5,0,94
90,sales_fact_1997,21.8,1000,Top-K,5,1,5,2,94
90,sales_fact_1997,21.2,1000,Bottom-K,5,1,5,2,94
90,sales_fact_1997,18.75,1000,OutlierDetection,4,1,5,1546,94
90,sales_fact_1997,22.0,1000,Clustering,2,1,5,1650,94
90,sales_fact_1997,8.0,1000,SlicingVariance,1,1,5,1477,94
90,sales_fact_1997,-1,1000,Mckp,5,1,5,0,94
102,sales_fact_1997,10.0,10000,Preamble,1,1,0,0,95
102,sales_fact_1997,8.0,10000,Statistics,2,1,0,0,95
102,sales_fact_1997,17.6,10000,Top-K,5,1,0,0,95
102,sales_fact_1997,17.0,10000,Bottom-K,5,1,0,0,95
102,sales_fact_1997,14.0,10000,OutlierDetection,4,1,0,1553,95
102,sales_fact_1997,22.0,10000,Clustering,2,1,0,1650,95
102,sales_fact_1997,-1,10000,Mckp,5,1,0,0,95
45,sales_fact_1997,10.0,10000,Preamble,1,1,0,0,96
45,sales_fact_1997,8.0,10000,Statistics,2,1,0,0,96
45,sales_fact_1997,18.0,10000,Top-K,5,1,0,8,96
45,sales_fact_1997,18.0,10000,Bottom-K,5,1,0,6,96
45,sales_fact_1997,14.25,10000,OutlierDetection,4,1,0,1556,96
45,sales_fact_1997,22.0,10000,Clustering,2,1,0,1655,96
45,sales_fact_1997,17.0,10000,DomainVariance,1,1,0,1486,96
45,sales_fact_1997,13.5,10000,AggregationVariance,4,1,0,1503,96
45,sales_fact_1997,-1,10000,Mckp,6,1,0,0,96
45,sales_fact_1997,13.0,10000,Preamble,1,1,0,0,97
45,sales_fact_1997,16.0,10000,Statistics,2,1,0,1,97
45,sales_fact_1997,21.666666666666668,10000,Skyline,3,1,0,1635,97
45,sales_fact_1997,28.0,10000,Clustering,2,1,0,1660,97
45,sales_fact_1997,6.0,10000,Correlation,1,1,0,1649,97
45,sales_fact_1997,-1,10000,Mckp,4,1,0,1,97
1559,sales_fact_1997,10.0,10000,Preamble,1,1,1,0,98
1559,sales_fact_1997,8.0,10000,Statistics,2,1,1,9,98
1559,sales_fact_1997,16.0,10000,Top-K,5,1,1,2,98
1559,sales_fact_1997,16.0,10000,Bottom-K,5,1,1,0,98
1559,sales_fact_1997,12.5,10000,OutlierDetection,4,1,1,1754,98
1559,sales_fact_1997,22.0,10000,Clustering,2,1,1,1945,98
1559,sales_fact_1997,-1,10000,Mckp,5,1,1,0,98
102,sales_fact_1997,10.0,10000,Preamble,1,1,1,0,99
102,sales_fact_1997,8.0,10000,Statistics,2,1,1,0,99
102,sales_fact_1997,17.6,10000,Top-K,5,1,1,19,99
102,sales_fact_1997,17.0,10000,Bottom-K,5,1,1,17,99
102,sales_fact_1997,14.0,10000,OutlierDetection,4,1,1,1580,99
102,sales_fact_1997,22.0,10000,Clustering,2,1,1,1649,99
102,sales_fact_1997,17.0,10000,DomainVariance,1,1,1,1485,99
102,sales_fact_1997,12.5,10000,AggregationVariance,4,1,1,1486,99
102,sales_fact_1997,-1,10000,Mckp,6,1,1,0,99
102,sales_fact_1997,13.0,10000,Preamble,1,1,1,0,100
102,sales_fact_1997,16.0,10000,Statistics,2,1,1,0,100
102,sales_fact_1997,20.0,10000,Skyline,2,1,1,1669,100
102,sales_fact_1997,28.0,10000,Clustering,2,1,1,1656,100
102,sales_fact_1997,6.0,10000,Correlation,1,1,1,1477,100
102,sales_fact_1997,-1,10000,Mckp,4,1,1,0,100
10000,sales_fact_1997,11.0,10000,Preamble,1,1,2,0,101
10000,sales_fact_1997,8.0,10000,Statistics,2,1,2,362,101
10000,sales_fact_1997,25.0,10000,Top-K,5,1,2,4,101
10000,sales_fact_1997,27.4,10000,Bottom-K,5,1,2,2,101
10000,sales_fact_1997,20.0,10000,OutlierDetection,4,1,2,1737,101
10000,sales_fact_1997,27.0,10000,Clustering,3,1,2,8142,101
10000,sales_fact_1997,-1,10000,Mckp,4,1,2,0,101
10000,sales_fact_1997,12.0,10000,Preamble,1,1,2,0,102
10000,sales_fact_1997,8.0,10000,Statistics,2,1,2,382,102
10000,sales_fact_1997,28.0,10000,Top-K,5,1,2,859,102
10000,sales_fact_1997,33.0,10000,Bottom-K,5,1,2,887,102
10000,sales_fact_1997,22.5,10000,OutlierDetection,4,1,2,1771,102
10000,sales_fact_1997,38.666666666666664,10000,Assess,3,1,2,1234,102
10000,sales_fact_1997,22.0,10000,Clustering,2,1,2,8461,102
10000,sales_fact_1997,17.0,10000,DomainVariance,1,1,2,2417,102
10000,sales_fact_1997,20.0,10000,AggregationVariance,4,1,2,2364,102
10000,sales_fact_1997,23.142857142857142,10000,UniformAggregationVariance,7,1,2,2387,102
10000,sales_fact_1997,-1,10000,Mckp,4,1,2,0,102
10000,sales_fact_1997,16.0,10000,Preamble,1,1,2,0,103
10000,sales_fact_1997,8.0,10000,Statistics,2,1,2,402,103
10000,sales_fact_1997,28.0,10000,Top-K,5,1,2,1192,103
10000,sales_fact_1997,31.6,10000,Bottom-K,5,1,2,1264,103
10000,sales_fact_1997,22.5,10000,OutlierDetection,4,1,2,1739,103
10000,sales_fact_1997,22.0,10000,Clustering,2,1,2,8183,103
10000,sales_fact_1997,8.0,10000,SlicingVariance,1,1,2,1542,103
10000,sales_fact_1997,-1,10000,Mckp,5,1,2,0,103
10000,sales_fact_1997,19.0,10000,Preamble,1,1,2,0,104
10000,sales_fact_1997,16.0,10000,Statistics,2,1,2,737,104
10000,sales_fact_1997,NaN,10000,Skyline,0,1,2,1655,104
10000,sales_fact_1997,28.0,10000,Clustering,2,1,2,10761,104
10000,sales_fact_1997,6.0,10000,Correlation,1,1,2,1505,104
10000,sales_fact_1997,-1,10000,Mckp,3,1,2,0,104
1559,sales_fact_1997,10.0,10000,Preamble,1,1,3,0,105
1559,sales_fact_1997,8.0,10000,Statistics,2,1,3,9,105
1559,sales_fact_1997,23.4,10000,Top-K,5,1,3,0,105
1559,sales_fact_1997,22.2,10000,Bottom-K,5,1,3,1,105
1559,sales_fact_1997,19.0,10000,OutlierDetection,4,1,3,1594,105
1559,sales_fact_1997,22.0,10000,Clustering,2,1,3,1940,105
1559,sales_fact_1997,-1,10000,Mckp,5,1,3,0,105
3118,sales_fact_1997,11.0,10000,Preamble,1,1,3,0,106
3118,sales_fact_1997,8.0,10000,Statistics,2,1,3,39,106
3118,sales_fact_1997,27.0,10000,Top-K,5,1,3,85,106
3118,sales_fact_1997,24.8,10000,Bottom-K,5,1,3,75,106
3118,sales_fact_1997,21.5,10000,OutlierDetection,4,1,3,1609,106
3118,sales_fact_1997,32.0,10000,Assess,3,1,3,124,106
3118,sales_fact_1997,22.0,10000,Clustering,2,1,3,2458,106
3118,sales_fact_1997,17.0,10000,DomainVariance,1,1,3,1557,106
3118,sales_fact_1997,17.75,10000,AggregationVariance,4,1,3,1543,106
3118,sales_fact_1997,18.285714285714285,10000,UniformAggregationVariance,7,1,3,1562,106
3118,sales_fact_1997,-1,10000,Mckp,5,1,3,1,106
3118,sales_fact_1997,15.0,10000,Preamble,1,1,3,0,107
3118,sales_fact_1997,8.0,10000,Statistics,2,1,3,38,107
3118,sales_fact_1997,26.8,10000,Top-K,5,1,3,117,107
3118,sales_fact_1997,27.4,10000,Bottom-K,5,1,3,117,107
3118,sales_fact_1997,21.5,10000,OutlierDetection,4,1,3,1612,107
3118,sales_fact_1997,22.0,10000,Clustering,2,1,3,2353,107
3118,sales_fact_1997,8.0,10000,SlicingVariance,1,1,3,1491,107
3118,sales_fact_1997,-1,10000,Mckp,5,1,3,1,107
102,sales_fact_1997,10.0,10000,Preamble,1,1,4,0,108
102,sales_fact_1997,8.0,10000,Statistics,2,1,4,0,108
102,sales_fact_1997,17.4,10000,Top-K,5,1,4,0,108
102,sales_fact_1997,17.0,10000,Bottom-K,5,1,4,0,108
102,sales_fact_1997,13.75,10000,OutlierDetection,4,1,4,1539,108
102,sales_fact_1997,22.0,10000,Clustering,2,1,4,1665,108
102,sales_fact_1997,-1,10000,Mckp,5,1,4,0,108
204,sales_fact_1997,11.0,10000,Preamble,1,1,4,0,109
204,sales_fact_1997,8.0,10000,Statistics,2,1,4,1,109
204,sales_fact_1997,20.2,10000,Top-K,5,1,4,2,109
204,sales_fact_1997,20.0,10000,Bottom-K,5,1,4,3,109
204,sales_fact_1997,15.75,10000,OutlierDetection,4,1,4,1529,109
204,sales_fact_1997,24.0,10000,Assess,3,1,4,6,109
204,sales_fact_1997,22.0,10000,Clustering,2,1,4,1621,109
204,sales_fact_1997,17.0,10000,DomainVariance,1,1,4,1456,109
204,sales_fact_1997,NaN,10000,AggregationVariance,0,1,4,1465,109
204,sales_fact_1997,6.0,10000,UniformAggregationVariance,1,1,4,1586,109
204,sales_fact_1997,-1,10000,Mckp,6,1,4,0,109
204,sales_fact_1997,15.0,10000,Preamble,1,1,4,0,110
204,sales_fact_1997,8.0,10000,Statistics,2,1,4,0,110
204,sales_fact_1997,20.6,10000,Top-K,5,1,4,3,110
204,sales_fact_1997,19.2,10000,Bottom-K,5,1,4,4,110
204,sales_fact_1997,15.75,10000,OutlierDetection,4,1,4,1524,110
204,sales_fact_1997,22.0,10000,Clustering,2,1,4,1615,110
204,sales_fact_1997,8.0,10000,SlicingVariance,1,1,4,1442,110
204,sales_fact_1997,-1,10000,Mckp,5,1,4,0,110
45,sales_fact_1997,10.0,10000,Preamble,1,1,5,0,111
45,sales_fact_1997,8.0,10000,Statistics,2,1,5,1,111
45,sales_fact_1997,18.2,10000,Top-K,5,1,5,0,111
45,sales_fact_1997,18.4,10000,Bottom-K,5,1,5,0,111
45,sales_fact_1997,15.25,10000,OutlierDetection,4,1,5,1519,111
45,sales_fact_1997,22.0,10000,Clustering,2,1,5,1658,111
45,sales_fact_1997,-1,10000,Mckp,5,1,5,0,111
90,sales_fact_1997,11.0,10000,Preamble,1,1,5,0,112
90,sales_fact_1997,8.0,10000,Statistics,2,1,5,0,112
90,sales_fact_1997,22.0,10000,Top-K,5,1,5,1,112
90,sales_fact_1997,21.4,10000,Bottom-K,5,1,5,2,112
90,sales_fact_1997,18.75,10000,OutlierDetection,4,1,5,1533,112
90,sales_fact_1997,25.333333333333332,10000,Assess,3,1,5,2,112
90,sales_fact_1997,22.0,10000,Clustering,2,1,5,1643,112
90,sales_fact_1997,17.0,10000,DomainVariance,1,1,5,1447,112
90,sales_fact_1997,NaN,10000,AggregationVariance,0,1,5,1439,112
90,sales_fact_1997,6.0,10000,UniformAggregationVariance,1,1,5,1439,112
90,sales_fact_1997,-1,10000,Mckp,6,1,5,1,112
90,sales_fact_1997,15.0,10000,Preamble,1,1,5,0,113
90,sales_fact_1997,8.0,10000,Statistics,2,1,5,0,113
90,sales_fact_1997,21.8,10000,Top-K,5,1,5,1,113
90,sales_fact_1997,21.2,10000,Bottom-K,5,1,5,2,113
90,sales_fact_1997,18.75,10000,OutlierDetection,4,1,5,1527,113
90,sales_fact_1997,22.0,10000,Clustering,2,1,5,1636,113
90,sales_fact_1997,8.0,10000,SlicingVariance,1,1,5,1435,113
90,sales_fact_1997,-1,10000,Mckp,5,1,5,1,113
100,sales_fact_1997,10.0,100,Preamble,1,2,0,0,114
100,sales_fact_1997,8.0,100,Statistics,2,2,0,0,114
100,sales_fact_1997,17.6,100,Top-K,5,2,0,0,114
100,sales_fact_1997,17.0,100,Bottom-K,5,2,0,0,114
100,sales_fact_1997,14.0,100,OutlierDetection,4,2,0,1525,114
100,sales_fact_1997,22.0,100,Clustering,2,2,0,1622,114
100,sales_fact_1997,-1,100,Mckp,5,2,0,0,114
45,sales_fact_1997,10.0,100,Preamble,1,2,0,0,115
45,sales_fact_1997,8.0,100,Statistics,2,2,0,1,115
45,sales_fact_1997,18.0,100,Top-K,5,2,0,7,115
45,sales_fact_1997,18.0,100,Bottom-K,5,2,0,6,115
45,sales_fact_1997,14.25,100,OutlierDetection,4,2,0,1504,115
45,sales_fact_1997,22.0,100,Clustering,2,2,0,1646,115
45,sales_fact_1997,17.0,100,DomainVariance,1,2,0,1446,115
45,sales_fact_1997,13.5,100,AggregationVariance,4,2,0,1443,115
45,sales_fact_1997,-1,100,Mckp,6,2,0,0,115
45,sales_fact_1997,13.0,100,Preamble,1,2,0,0,116
45,sales_fact_1997,16.0,100,Statistics,2,2,0,0,116
45,sales_fact_1997,21.666666666666668,100,Skyline,3,2,0,1603,116
45,sales_fact_1997,28.0,100,Clustering,2,2,0,1638,116
45,sales_fact_1997,6.0,100,Correlation,1,2,0,1440,116
45,sales_fact_1997,-1,100,Mckp,4,2,0,1,116
100,sales_fact_1997,10.0,100,Preamble,1,2,1,0,117
100,sales_fact_1997,8.0,100,Statistics,2,2,1,0,117
100,sales_fact_1997,16.0,100,Top-K,5,2,1,1,117
100,sales_fact_1997,16.0,100,Bottom-K,5,2,1,0,117
100,sales_fact_1997,12.5,100,OutlierDetection,4,2,1,1518,117
100,sales_fact_1997,22.0,100,Clustering,2,2,1,1639,117
100,sales_fact_1997,-1,100,Mckp,5,2,1,0,117
100,sales_fact_1997,10.0,100,Preamble,1,2,1,0,118
100,sales_fact_1997,8.0,100,Statistics,2,2,1,0,118
100,sales_fact_1997,17.6,100,Top-K,5,2,1,9,118
100,sales_fact_1997,17.0,100,Bottom-K,5,2,1,8,118
100,sales_fact_1997,14.0,100,OutlierDetection,4,2,1,1506,118
100,sales_fact_1997,22.0,100,Clustering,2,2,1,1615,118
100,sales_fact_1997,17.0,100,DomainVariance,1,2,1,1443,118
100,sales_fact_1997,13.25,100,AggregationVariance,4,2,1,1453,118
100,sales_fact_1997,-1,100,Mckp,6,2,1,1,118
100,sales_fact_1997,13.0,100,Preamble,1,2,1,0,119
100,sales_fact_1997,16.0,100,Statistics,2,2,1,1,119
100,sales_fact_1997,20.0,100,Skyline,2,2,1,1605,119
100,sales_fact_1997,28.0,100,Clustering,2,2,1,1644,119
100,sales_fact_1997,6.0,100,Correlation,1,2,1,1435,119
100,sales_fact_1997,-1,100,Mckp,4,2,1,0,119
100,sales_fact_1997,11.0,100,Preamble,1,2,2,0,120
100,sales_fact_1997,8.0,100,Statistics,2,2,2,0,120
100,sales_fact_1997,24.4,100,Top-K,5,2,2,0,120
100,sales_fact_1997,25.0,100,Bottom-K,5,2,2,0,120
100,sales_fact_1997,19.75,100,OutlierDetection,4,2,2,1528,120
100,sales_fact_1997,27.0,100,Clustering,3,2,2,1610,120
100,sales_fact_1997,-1,100,Mckp,5,2,2,0,120
100,sales_fact_1997,12.0,100,Preamble,1,2,2,0,121
100,sales_fact_1997,8.0,100,Statistics,2,2,2,0,121
100,sales_fact_1997,28.0,100,Top-K,5,2,2,2,121
100,sales_fact_1997,28.0,100,Bottom-K,5,2,2,2,121
100,sales_fact_1997,22.5,100,OutlierDetection,4,2,2,1506,121
100,sales_fact_1997,36.0,100,Assess,3,2,2,3,121
100,sales_fact_1997,27.0,100,Clustering,3,2,2,1618,121
100,sales_fact_1997,17.0,100,DomainVariance,1,2,2,1562,121
100,sales_fact_1997,20.0,100,AggregationVariance,4,2,2,1501,121
100,sales_fact_1997,23.0,100,UniformAggregationVariance,7,2,2,1492,121
100,sales_fact_1997,-1,100,Mckp,5,2,2,0,121
100,sales_fact_1997,16.0,100,Preamble,1,2,2,0,122
100,sales_fact_1997,8.0,100,Statistics,2,2,2,0,122
100,sales_fact_1997,28.0,100,Top-K,5,2,2,3,122
100,sales_fact_1997,26.2,100,Bottom-K,5,2,2,2,122
100,sales_fact_1997,22.5,100,OutlierDetection,4,2,2,1652,122
100,sales_fact_1997,27.0,100,Clustering,3,2,2,1702,122
100,sales_fact_1997,8.0,100,SlicingVariance,1,2,2,1572,122
100,sales_fact_1997,-1,100,Mckp,5,2,2,0,122
100,sales_fact_1997,19.0,100,Preamble,1,2,2,0,123
100,sales_fact_1997,16.0,100,Statistics,2,2,2,0,123
100,sales_fact_1997,25.0,100,Skyline,2,2,2,1642,123
100,sales_fact_1997,35.0,100,Clustering,3,2,2,1692,123
100,sales_fact_1997,6.0,100,Correlation,1,2,2,1460,123
100,sales_fact_1997,-1,100,Mckp,4,2,2,0,123
100,sales_fact_1997,10.0,100,Preamble,1,2,3,0,124
100,sales_fact_1997,8.0,100,Statistics,2,2,3,1,124
100,sales_fact_1997,24.8,100,Top-K,5,2,3,0,124
100,sales_fact_1997,22.8,100,Bottom-K,5,2,3,0,124
100,sales_fact_1997,17.5,100,OutlierDetection,4,2,3,1537,124
100,sales_fact_1997,27.0,100,Clustering,3,2,3,1684,124
100,sales_fact_1997,-1,100,Mckp,5,2,3,0,124
100,sales_fact_1997,11.0,100,Preamble,1,2,3,0,125
100,sales_fact_1997,8.0,100,Statistics,2,2,3,0,125
100,sales_fact_1997,27.2,100,Top-K,5,2,3,1,125
100,sales_fact_1997,27.0,100,Bottom-K,5,2,3,1,125
100,sales_fact_1997,22.0,100,OutlierDetection,4,2,3,1533,125
100,sales_fact_1997,35.333333333333336,100,Assess,3,2,3,3,125
100,sales_fact_1997,27.0,100,Clustering,3,2,3,1666,125
100,sales_fact_1997,17.0,100,DomainVariance,1,2,3,1447,125
100,sales_fact_1997,19.5,100,AggregationVariance,4,2,3,1446,125
100,sales_fact_1997,23.571428571428573,100,UniformAggregationVariance,7,2,3,1460,125
100,sales_fact_1997,-1,100,Mckp,5,2,3,0,125
100,sales_fact_1997,15.0,100,Preamble,1,2,3,0,126
100,sales_fact_1997,8.0,100,Statistics,2,2,3,0,126
100,sales_fact_1997,26.4,100,Top-K,5,2,3,2,126
100,sales_fact_1997,24.8,100,Bottom-K,5,2,3,2,126
100,sales_fact_1997,21.0,100,OutlierDetection,4,2,3,1526,126
100,sales_fact_1997,22.0,100,Clustering,2,2,3,1651,126
100,sales_fact_1997,8.0,100,SlicingVariance,1,2,3,1450,126
100,sales_fact_1997,-1,100,Mckp,6,2,3,1,126
100,sales_fact_1997,10.0,100,Preamble,1,2,4,0,127
100,sales_fact_1997,8.0,100,Statistics,2,2,4,0,127
100,sales_fact_1997,17.4,100,Top-K,5,2,4,0,127
100,sales_fact_1997,17.0,100,Bottom-K,5,2,4,0,127
100,sales_fact_1997,13.75,100,OutlierDetection,4,2,4,1536,127
100,sales_fact_1997,22.0,100,Clustering,2,2,4,1691,127
100,sales_fact_1997,-1,100,Mckp,5,2,4,0,127
100,sales_fact_1997,11.0,100,Preamble,1,2,4,0,128
100,sales_fact_1997,8.0,100,Statistics,2,2,4,0,128
100,sales_fact_1997,19.2,100,Top-K,5,2,4,1,128
100,sales_fact_1997,19.4,100,Bottom-K,5,2,4,2,128
100,sales_fact_1997,15.0,100,OutlierDetection,4,2,4,1552,128
100,sales_fact_1997,24.666666666666668,100,Assess,3,2,4,3,128
100,sales_fact_1997,27.0,100,Clustering,3,2,4,1713,128
100,sales_fact_1997,17.0,100,DomainVariance,1,2,4,1463,128
100,sales_fact_1997,NaN,100,AggregationVariance,0,2,4,1456,128
100,sales_fact_1997,6.0,100,UniformAggregationVariance,1,2,4,1455,128
100,sales_fact_1997,-1,100,Mckp,6,2,4,0,128
100,sales_fact_1997,15.0,100,Preamble,1,2,4,0,129
100,sales_fact_1997,8.0,100,Statistics,2,2,4,0,129
100,sales_fact_1997,19.2,100,Top-K,5,2,4,2,129
100,sales_fact_1997,19.0,100,Bottom-K,5,2,4,2,129
100,sales_fact_1997,15.0,100,OutlierDetection,4,2,4,1524,129
100,sales_fact_1997,27.0,100,Clustering,3,2,4,1692,129
100,sales_fact_1997,8.0,100,SlicingVariance,1,2,4,1456,129
100,sales_fact_1997,-1,100,Mckp,5,2,4,0,129
45,sales_fact_1997,10.0,100,Preamble,1,2,5,0,130
45,sales_fact_1997,8.0,100,Statistics,2,2,5,0,130
45,sales_fact_1997,18.2,100,Top-K,5,2,5,0,130
45,sales_fact_1997,18.4,100,Bottom-K,5,2,5,0,130
45,sales_fact_1997,15.25,100,OutlierDetection,4,2,5,1536,130
45,sales_fact_1997,22.0,100,Clustering,2,2,5,1671,130
45,sales_fact_1997,-1,100,Mckp,5,2,5,0,130
90,sales_fact_1997,11.0,100,Preamble,1,2,5,0,131
90,sales_fact_1997,8.0,100,Statistics,2,2,5,1,131
90,sales_fact_1997,22.0,100,Top-K,5,2,5,1,131
90,sales_fact_1997,21.4,100,Bottom-K,5,2,5,1,131
90,sales_fact_1997,18.75,100,OutlierDetection,4,2,5,1530,131
90,sales_fact_1997,25.333333333333332,100,Assess,3,2,5,3,131
90,sales_fact_1997,22.0,100,Clustering,2,2,5,1662,131
90,sales_fact_1997,17.0,100,DomainVariance,1,2,5,1466,131
90,sales_fact_1997,NaN,100,AggregationVariance,0,2,5,1453,131
90,sales_fact_1997,6.0,100,UniformAggregationVariance,1,2,5,1454,131
90,sales_fact_1997,-1,100,Mckp,6,2,5,1,131
90,sales_fact_1997,15.0,100,Preamble,1,2,5,0,132
90,sales_fact_1997,8.0,100,Statistics,2,2,5,0,132
90,sales_fact_1997,21.8,100,Top-K,5,2,5,1,132
90,sales_fact_1997,21.2,100,Bottom-K,5,2,5,2,132
90,sales_fact_1997,18.75,100,OutlierDetection,4,2,5,1559,132
90,sales_fact_1997,22.0,100,Clustering,2,2,5,1646,132
90,sales_fact_1997,8.0,100,SlicingVariance,1,2,5,1442,132
90,sales_fact_1997,-1,100,Mckp,5,2,5,1,132
102,sales_fact_1997,10.0,1000,Preamble,1,2,0,0,133
102,sales_fact_1997,8.0,1000,Statistics,2,2,0,1,133
102,sales_fact_1997,17.6,1000,Top-K,5,2,0,0,133
102,sales_fact_1997,17.0,1000,Bottom-K,5,2,0,0,133
102,sales_fact_1997,14.0,1000,OutlierDetection,4,2,0,1548,133
102,sales_fact_1997,22.0,1000,Clustering,2,2,0,1662,133
102,sales_fact_1997,-1,1000,Mckp,5,2,0,0,133
45,sales_fact_1997,10.0,1000,Preamble,1,2,0,0,134
45,sales_fact_1997,8.0,1000,Statistics,2,2,0,0,134
45,sales_fact_1997,18.0,1000,Top-K,5,2,0,8,134
45,sales_fact_1997,18.0,1000,Bottom-K,5,2,0,7,134
45,sales_fact_1997,14.25,1000,OutlierDetection,4,2,0,1552,134
45,sales_fact_1997,22.0,1000,Clustering,2,2,0,1666,134
45,sales_fact_1997,17.0,1000,DomainVariance,1,2,0,1480,134
45,sales_fact_1997,13.5,1000,AggregationVariance,4,2,0,1517,134
45,sales_fact_1997,-1,1000,Mckp,6,2,0,0,134
45,sales_fact_1997,13.0,1000,Preamble,1,2,0,0,135
45,sales_fact_1997,16.0,1000,Statistics,2,2,0,0,135
45,sales_fact_1997,21.666666666666668,1000,Skyline,3,2,0,1623,135
45,sales_fact_1997,28.0,1000,Clustering,2,2,0,1634,135
45,sales_fact_1997,6.0,1000,Correlation,1,2,0,1448,135
45,sales_fact_1997,-1,1000,Mckp,4,2,0,0,135
1000,sales_fact_1997,10.0,1000,Preamble,1,2,1,0,136
1000,sales_fact_1997,8.0,1000,Statistics,2,2,1,4,136
1000,sales_fact_1997,16.0,1000,Top-K,5,2,1,1,136
1000,sales_fact_1997,16.0,1000,Bottom-K,5,2,1,0,136
1000,sales_fact_1997,12.5,1000,OutlierDetection,4,2,1,1577,136
1000,sales_fact_1997,22.0,1000,Clustering,2,2,1,1831,136
1000,sales_fact_1997,-1,1000,Mckp,5,2,1,0,136
102,sales_fact_1997,10.0,1000,Preamble,1,2,1,0,137
102,sales_fact_1997,8.0,1000,Statistics,2,2,1,0,137
102,sales_fact_1997,17.6,1000,Top-K,5,2,1,13,137
102,sales_fact_1997,17.0,1000,Bottom-K,5,2,1,13,137
102,sales_fact_1997,14.0,1000,OutlierDetection,4,2,1,1529,137
102,sales_fact_1997,22.0,1000,Clustering,2,2,1,1632,137
102,sales_fact_1997,17.0,1000,DomainVariance,1,2,1,1463,137
102,sales_fact_1997,12.5,1000,AggregationVariance,4,2,1,1478,137
102,sales_fact_1997,-1,1000,Mckp,6,2,1,0,137
102,sales_fact_1997,13.0,1000,Preamble,1,2,1,0,138
102,sales_fact_1997,16.0,1000,Statistics,2,2,1,0,138
102,sales_fact_1997,20.0,1000,Skyline,2,2,1,1626,138
102,sales_fact_1997,28.0,1000,Clustering,2,2,1,1643,138
102,sales_fact_1997,6.0,1000,Correlation,1,2,1,1444,138
102,sales_fact_1997,-1,1000,Mckp,4,2,1,0,138
1000,sales_fact_1997,11.0,1000,Preamble,1,2,2,0,139
1000,sales_fact_1997,8.0,1000,Statistics,2,2,2,5,139
1000,sales_fact_1997,27.4,1000,Top-K,5,2,2,1,139
1000,sales_fact_1997,26.8,1000,Bottom-K,5,2,2,0,139
1000,sales_fact_1997,22.0,1000,OutlierDetection,4,2,2,1563,139
1000,sales_fact_1997,22.0,1000,Clustering,2,2,2,1798,139
1000,sales_fact_1997,-1,1000,Mckp,4,2,2,0,139
1000,sales_fact_1997,12.0,1000,Preamble,1,2,2,0,140
1000,sales_fact_1997,8.0,1000,Statistics,2,2,2,4,140
1000,sales_fact_1997,30.2,1000,Top-K,5,2,2,21,140
1000,sales_fact_1997,32.2,1000,Bottom-K,5,2,2,24,140
1000,sales_fact_1997,24.25,1000,OutlierDetection,4,2,2,1560,140
1000,sales_fact_1997,43.333333333333336,1000,Assess,3,2,2,43,140
1000,sales_fact_1997,22.0,1000,Clustering,2,2,2,1764,140
1000,sales_fact_1997,17.0,1000,DomainVariance,1,2,2,1474,140
1000,sales_fact_1997,20.0,1000,AggregationVariance,4,2,2,1484,140
1000,sales_fact_1997,23.0,1000,UniformAggregationVariance,7,2,2,1476,140
1000,sales_fact_1997,-1,1000,Mckp,5,2,2,0,140
1000,sales_fact_1997,16.0,1000,Preamble,1,2,2,0,141
1000,sales_fact_1997,8.0,1000,Statistics,2,2,2,4,141
1000,sales_fact_1997,30.0,1000,Top-K,5,2,2,28,141
1000,sales_fact_1997,33.4,1000,Bottom-K,5,2,2,29,141
1000,sales_fact_1997,24.0,1000,OutlierDetection,4,2,2,1581,141
1000,sales_fact_1997,22.0,1000,Clustering,2,2,2,1737,141
1000,sales_fact_1997,8.0,1000,SlicingVariance,1,2,2,1464,141
1000,sales_fact_1997,-1,1000,Mckp,5,2,2,1,141
1000,sales_fact_1997,19.0,1000,Preamble,1,2,2,0,142
1000,sales_fact_1997,16.0,1000,Statistics,2,2,2,7,142
1000,sales_fact_1997,29.666666666666668,1000,Skyline,3,2,2,1632,142
1000,sales_fact_1997,28.0,1000,Clustering,2,2,2,1787,142
1000,sales_fact_1997,6.0,1000,Correlation,1,2,2,1452,142
1000,sales_fact_1997,-1,1000,Mckp,4,2,2,0,142
1000,sales_fact_1997,10.0,1000,Preamble,1,2,3,0,143
1000,sales_fact_1997,8.0,1000,Statistics,2,2,3,4,143
1000,sales_fact_1997,23.6,1000,Top-K,5,2,3,0,143
1000,sales_fact_1997,24.0,1000,Bottom-K,5,2,3,1,143
1000,sales_fact_1997,19.5,1000,OutlierDetection,4,2,3,1562,143
1000,sales_fact_1997,22.0,1000,Clustering,2,2,3,1855,143
1000,sales_fact_1997,-1,1000,Mckp,5,2,3,1,143
1000,sales_fact_1997,11.0,1000,Preamble,1,2,3,0,144
1000,sales_fact_1997,8.0,1000,Statistics,2,2,3,3,144
1000,sales_fact_1997,27.4,1000,Top-K,5,2,3,20,144
1000,sales_fact_1997,26.8,1000,Bottom-K,5,2,3,19,144
1000,sales_fact_1997,21.5,1000,OutlierDetection,4,2,3,1568,144
1000,sales_fact_1997,34.0,1000,Assess,3,2,3,33,144
1000,sales_fact_1997,22.0,1000,Clustering,2,2,3,1725,144
1000,sales_fact_1997,17.0,1000,DomainVariance,1,2,3,1474,144
1000,sales_fact_1997,18.75,1000,AggregationVariance,4,2,3,1474,144
1000,sales_fact_1997,20.571428571428573,1000,UniformAggregationVariance,7,2,3,1472,144
1000,sales_fact_1997,-1,1000,Mckp,5,2,3,0,144
1000,sales_fact_1997,15.0,1000,Preamble,1,2,3,0,145
1000,sales_fact_1997,8.0,1000,Statistics,2,2,3,5,145
1000,sales_fact_1997,26.8,1000,Top-K,5,2,3,22,145
1000,sales_fact_1997,28.6,1000,Bottom-K,5,2,3,23,145
1000,sales_fact_1997,21.5,1000,OutlierDetection,4,2,3,1558,145
1000,sales_fact_1997,22.0,1000,Clustering,2,2,3,1722,145
1000,sales_fact_1997,8.0,1000,SlicingVariance,1,2,3,1469,145
1000,sales_fact_1997,-1,1000,Mckp,5,2,3,0,145
102,sales_fact_1997,10.0,1000,Preamble,1,2,4,0,146
102,sales_fact_1997,8.0,1000,Statistics,2,2,4,0,146
102,sales_fact_1997,17.4,1000,Top-K,5,2,4,0,146
102,sales_fact_1997,17.0,1000,Bottom-K,5,2,4,0,146
102,sales_fact_1997,13.75,1000,OutlierDetection,4,2,4,1529,146
102,sales_fact_1997,22.0,1000,Clustering,2,2,4,1679,146
102,sales_fact_1997,-1,1000,Mckp,5,2,4,0,146
204,sales_fact_1997,11.0,1000,Preamble,1,2,4,0,147
204,sales_fact_1997,8.0,1000,Statistics,2,2,4,0,147
204,sales_fact_1997,20.2,1000,Top-K,5,2,4,2,147
204,sales_fact_1997,20.0,1000,Bottom-K,5,2,4,3,147
204,sales_fact_1997,15.75,1000,OutlierDetection,4,2,4,1533,147
204,sales_fact_1997,24.0,1000,Assess,3,2,4,5,147
204,sales_fact_1997,22.0,1000,Clustering,2,2,4,1620,147
204,sales_fact_1997,17.0,1000,DomainVariance,1,2,4,1454,147
204,sales_fact_1997,NaN,1000,AggregationVariance,0,2,4,1464,147
204,sales_fact_1997,6.0,1000,UniformAggregationVariance,1,2,4,1462,147
204,sales_fact_1997,-1,1000,Mckp,6,2,4,0,147
204,sales_fact_1997,15.0,1000,Preamble,1,2,4,0,148
204,sales_fact_1997,8.0,1000,Statistics,2,2,4,0,148
204,sales_fact_1997,20.6,1000,Top-K,5,2,4,4,148
204,sales_fact_1997,19.2,1000,Bottom-K,5,2,4,4,148
204,sales_fact_1997,15.75,1000,OutlierDetection,4,2,4,1554,148
204,sales_fact_1997,22.0,1000,Clustering,2,2,4,1643,148
204,sales_fact_1997,8.0,1000,SlicingVariance,1,2,4,1461,148
204,sales_fact_1997,-1,1000,Mckp,5,2,4,0,148
45,sales_fact_1997,10.0,1000,Preamble,1,2,5,0,149
45,sales_fact_1997,8.0,1000,Statistics,2,2,5,0,149
45,sales_fact_1997,18.2,1000,Top-K,5,2,5,0,149
45,sales_fact_1997,18.4,1000,Bottom-K,5,2,5,0,149
45,sales_fact_1997,15.25,1000,OutlierDetection,4,2,5,1543,149
45,sales_fact_1997,22.0,1000,Clustering,2,2,5,1674,149
45,sales_fact_1997,-1,1000,Mckp,5,2,5,0,149
90,sales_fact_1997,11.0,1000,Preamble,1,2,5,0,150
90,sales_fact_1997,8.0,1000,Statistics,2,2,5,0,150
90,sales_fact_1997,22.0,1000,Top-K,5,2,5,1,150
90,sales_fact_1997,21.4,1000,Bottom-K,5,2,5,1,150
90,sales_fact_1997,18.75,1000,OutlierDetection,4,2,5,1520,150
90,sales_fact_1997,25.333333333333332,1000,Assess,3,2,5,3,150
90,sales_fact_1997,22.0,1000,Clustering,2,2,5,1669,150
90,sales_fact_1997,17.0,1000,DomainVariance,1,2,5,1456,150
90,sales_fact_1997,NaN,1000,AggregationVariance,0,2,5,1458,150
90,sales_fact_1997,6.0,1000,UniformAggregationVariance,1,2,5,1457,150
90,sales_fact_1997,-1,1000,Mckp,6,2,5,0,150
90,sales_fact_1997,15.0,1000,Preamble,1,2,5,0,151
90,sales_fact_1997,8.0,1000,Statistics,2,2,5,0,151
90,sales_fact_1997,21.8,1000,Top-K,5,2,5,2,151
90,sales_fact_1997,21.2,1000,Bottom-K,5,2,5,2,151
90,sales_fact_1997,18.75,1000,OutlierDetection,4,2,5,1538,151
90,sales_fact_1997,22.0,1000,Clustering,2,2,5,1655,151
90,sales_fact_1997,8.0,1000,SlicingVariance,1,2,5,1455,151
90,sales_fact_1997,-1,1000,Mckp,5,2,5,0,151
102,sales_fact_1997,10.0,10000,Preamble,1,2,0,0,152
102,sales_fact_1997,8.0,10000,Statistics,2,2,0,0,152
102,sales_fact_1997,17.6,10000,Top-K,5,2,0,0,152
102,sales_fact_1997,17.0,10000,Bottom-K,5,2,0,0,152
102,sales_fact_1997,14.0,10000,OutlierDetection,4,2,0,1541,152
102,sales_fact_1997,22.0,10000,Clustering,2,2,0,1628,152
102,sales_fact_1997,-1,10000,Mckp,5,2,0,0,152
45,sales_fact_1997,10.0,10000,Preamble,1,2,0,0,153
45,sales_fact_1997,8.0,10000,Statistics,2,2,0,0,153
45,sales_fact_1997,18.0,10000,Top-K,5,2,0,7,153
45,sales_fact_1997,18.0,10000,Bottom-K,5,2,0,7,153
45,sales_fact_1997,14.25,10000,OutlierDetection,4,2,0,1532,153
45,sales_fact_1997,22.0,10000,Clustering,2,2,0,1688,153
45,sales_fact_1997,17.0,10000,DomainVariance,1,2,0,1458,153
45,sales_fact_1997,13.5,10000,AggregationVariance,4,2,0,1467,153
45,sales_fact_1997,-1,10000,Mckp,6,2,0,0,153
45,sales_fact_1997,13.0,10000,Preamble,1,2,0,0,154
45,sales_fact_1997,16.0,10000,Statistics,2,2,0,0,154
45,sales_fact_1997,21.666666666666668,10000,Skyline,3,2,0,1621,154
45,sales_fact_1997,28.0,10000,Clustering,2,2,0,1660,154
45,sales_fact_1997,6.0,10000,Correlation,1,2,0,1472,154
45,sales_fact_1997,-1,10000,Mckp,4,2,0,0,154
1559,sales_fact_1997,10.0,10000,Preamble,1,2,1,0,155
1559,sales_fact_1997,8.0,10000,Statistics,2,2,1,9,155
1559,sales_fact_1997,16.0,10000,Top-K,5,2,1,1,155
1559,sales_fact_1997,16.0,10000,Bottom-K,5,2,1,0,155
1559,sales_fact_1997,12.5,10000,OutlierDetection,4,2,1,1573,155
1559,sales_fact_1997,22.0,10000,Clustering,2,2,1,1941,155
1559,sales_fact_1997,-1,10000,Mckp,5,2,1,0,155
102,sales_fact_1997,10.0,10000,Preamble,1,2,1,0,156
102,sales_fact_1997,8.0,10000,Statistics,2,2,1,0,156
102,sales_fact_1997,17.6,10000,Top-K,5,2,1,20,156
102,sales_fact_1997,17.0,10000,Bottom-K,5,2,1,18,156
102,sales_fact_1997,14.0,10000,OutlierDetection,4,2,1,1523,156
102,sales_fact_1997,22.0,10000,Clustering,2,2,1,1658,156
102,sales_fact_1997,17.0,10000,DomainVariance,1,2,1,1497,156
102,sales_fact_1997,12.5,10000,AggregationVariance,4,2,1,1490,156
102,sales_fact_1997,-1,10000,Mckp,6,2,1,0,156
102,sales_fact_1997,13.0,10000,Preamble,1,2,1,0,157
102,sales_fact_1997,16.0,10000,Statistics,2,2,1,0,157
102,sales_fact_1997,20.0,10000,Skyline,2,2,1,1637,157
102,sales_fact_1997,28.0,10000,Clustering,2,2,1,1648,157
102,sales_fact_1997,6.0,10000,Correlation,1,2,1,1478,157
102,sales_fact_1997,-1,10000,Mckp,4,2,1,0,157
10000,sales_fact_1997,11.0,10000,Preamble,1,2,2,0,158
10000,sales_fact_1997,8.0,10000,Statistics,2,2,2,390,158
10000,sales_fact_1997,25.0,10000,Top-K,5,2,2,4,158
10000,sales_fact_1997,27.4,10000,Bottom-K,5,2,2,2,158
10000,sales_fact_1997,20.0,10000,OutlierDetection,4,2,2,1728,158
10000,sales_fact_1997,27.0,10000,Clustering,3,2,2,8309,158
10000,sales_fact_1997,-1,10000,Mckp,4,2,2,0,158
10000,sales_fact_1997,12.0,10000,Preamble,1,2,2,0,159
10000,sales_fact_1997,8.0,10000,Statistics,2,2,2,379,159
10000,sales_fact_1997,28.0,10000,Top-K,5,2,2,870,159
10000,sales_fact_1997,33.0,10000,Bottom-K,5,2,2,870,159
10000,sales_fact_1997,22.5,10000,OutlierDetection,4,2,2,1767,159
10000,sales_fact_1997,38.666666666666664,10000,Assess,3,2,2,1058,159
10000,sales_fact_1997,22.0,10000,Clustering,2,2,2,8567,159
10000,sales_fact_1997,17.0,10000,DomainVariance,1,2,2,2433,159
10000,sales_fact_1997,20.0,10000,AggregationVariance,4,2,2,2390,159
10000,sales_fact_1997,23.142857142857142,10000,UniformAggregationVariance,7,2,2,2361,159
10000,sales_fact_1997,-1,10000,Mckp,4,2,2,0,159
10000,sales_fact_1997,16.0,10000,Preamble,1,2,2,0,160
10000,sales_fact_1997,8.0,10000,Statistics,2,2,2,385,160
10000,sales_fact_1997,28.0,10000,Top-K,5,2,2,1197,160
10000,sales_fact_1997,31.6,10000,Bottom-K,5,2,2,1179,160
10000,sales_fact_1997,22.5,10000,OutlierDetection,4,2,2,1709,160
10000,sales_fact_1997,22.0,10000,Clustering,2,2,2,8431,160
10000,sales_fact_1997,8.0,10000,SlicingVariance,1,2,2,1536,160
10000,sales_fact_1997,-1,10000,Mckp,5,2,2,0,160
10000,sales_fact_1997,19.0,10000,Preamble,1,2,2,0,161
10000,sales_fact_1997,16.0,10000,Statistics,2,2,2,740,161
10000,sales_fact_1997,NaN,10000,Skyline,0,2,2,1655,161
10000,sales_fact_1997,28.0,10000,Clustering,2,2,2,10974,161
10000,sales_fact_1997,6.0,10000,Correlation,1,2,2,1480,161
10000,sales_fact_1997,-1,10000,Mckp,3,2,2,0,161
1559,sales_fact_1997,10.0,10000,Preamble,1,2,3,0,162
1559,sales_fact_1997,8.0,10000,Statistics,2,2,3,9,162
1559,sales_fact_1997,23.4,10000,Top-K,5,2,3,1,162
1559,sales_fact_1997,22.2,10000,Bottom-K,5,2,3,0,162
1559,sales_fact_1997,19.0,10000,OutlierDetection,4,2,3,1570,162
1559,sales_fact_1997,22.0,10000,Clustering,2,2,3,1955,162
1559,sales_fact_1997,-1,10000,Mckp,5,2,3,0,162
3118,sales_fact_1997,11.0,10000,Preamble,1,2,3,0,163
3118,sales_fact_1997,8.0,10000,Statistics,2,2,3,38,163
3118,sales_fact_1997,27.0,10000,Top-K,5,2,3,84,163
3118,sales_fact_1997,24.8,10000,Bottom-K,5,2,3,80,163
3118,sales_fact_1997,21.5,10000,OutlierDetection,4,2,3,1613,163
3118,sales_fact_1997,32.0,10000,Assess,3,2,3,121,163
3118,sales_fact_1997,22.0,10000,Clustering,2,2,3,2461,163
3118,sales_fact_1997,17.0,10000,DomainVariance,1,2,3,1568,163
3118,sales_fact_1997,17.75,10000,AggregationVariance,4,2,3,1563,163
3118,sales_fact_1997,18.285714285714285,10000,UniformAggregationVariance,7,2,3,1568,163
3118,sales_fact_1997,-1,10000,Mckp,5,2,3,0,163
3118,sales_fact_1997,15.0,10000,Preamble,1,2,3,1,164
3118,sales_fact_1997,8.0,10000,Statistics,2,2,3,40,164
3118,sales_fact_1997,26.8,10000,Top-K,5,2,3,121,164
3118,sales_fact_1997,27.4,10000,Bottom-K,5,2,3,120,164
3118,sales_fact_1997,21.5,10000,OutlierDetection,4,2,3,1596,164
3118,sales_fact_1997,22.0,10000,Clustering,2,2,3,2393,164
3118,sales_fact_1997,8.0,10000,SlicingVariance,1,2,3,1493,164
3118,sales_fact_1997,-1,10000,Mckp,5,2,3,0,164
102,sales_fact_1997,10.0,10000,Preamble,1,2,4,0,165
102,sales_fact_1997,8.0,10000,Statistics,2,2,4,0,165
102,sales_fact_1997,17.4,10000,Top-K,5,2,4,1,165
102,sales_fact_1997,17.0,10000,Bottom-K,5,2,4,0,165
102,sales_fact_1997,13.75,10000,OutlierDetection,4,2,4,1538,165
102,sales_fact_1997,22.0,10000,Clustering,2,2,4,1702,165
102,sales_fact_1997,-1,10000,Mckp,5,2,4,0,165
204,sales_fact_1997,11.0,10000,Preamble,1,2,4,0,166
204,sales_fact_1997,8.0,10000,Statistics,2,2,4,0,166
204,sales_fact_1997,20.2,10000,Top-K,5,2,4,2,166
204,sales_fact_1997,20.0,10000,Bottom-K,5,2,4,3,166
204,sales_fact_1997,15.75,10000,OutlierDetection,4,2,4,1545,166
204,sales_fact_1997,24.0,10000,Assess,3,2,4,5,166
204,sales_fact_1997,22.0,10000,Clustering,2,2,4,1635,166
204,sales_fact_1997,17.0,10000,DomainVariance,1,2,4,1462,166
204,sales_fact_1997,NaN,10000,AggregationVariance,0,2,4,1475,166
204,sales_fact_1997,6.0,10000,UniformAggregationVariance,1,2,4,1479,166
204,sales_fact_1997,-1,10000,Mckp,6,2,4,0,166
204,sales_fact_1997,15.0,10000,Preamble,1,2,4,0,167
204,sales_fact_1997,8.0,10000,Statistics,2,2,4,0,167
204,sales_fact_1997,20.6,10000,Top-K,5,2,4,3,167
204,sales_fact_1997,19.2,10000,Bottom-K,5,2,4,3,167
204,sales_fact_1997,15.75,10000,OutlierDetection,4,2,4,1542,167
204,sales_fact_1997,22.0,10000,Clustering,2,2,4,1634,167
204,sales_fact_1997,8.0,10000,SlicingVariance,1,2,4,1458,167
204,sales_fact_1997,-1,10000,Mckp,5,2,4,0,167
45,sales_fact_1997,10.0,10000,Preamble,1,2,5,0,168
45,sales_fact_1997,8.0,10000,Statistics,2,2,5,0,168
45,sales_fact_1997,18.2,10000,Top-K,5,2,5,1,168
45,sales_fact_1997,18.4,10000,Bottom-K,5,2,5,0,168
45,sales_fact_1997,15.25,10000,OutlierDetection,4,2,5,1544,168
45,sales_fact_1997,22.0,10000,Clustering,2,2,5,1687,168
45,sales_fact_1997,-1,10000,Mckp,5,2,5,0,168
90,sales_fact_1997,11.0,10000,Preamble,1,2,5,0,169
90,sales_fact_1997,8.0,10000,Statistics,2,2,5,0,169
90,sales_fact_1997,22.0,10000,Top-K,5,2,5,1,169
90,sales_fact_1997,21.4,10000,Bottom-K,5,2,5,2,169
90,sales_fact_1997,18.75,10000,OutlierDetection,4,2,5,1538,169
90,sales_fact_1997,25.333333333333332,10000,Assess,3,2,5,3,169
90,sales_fact_1997,22.0,10000,Clustering,2,2,5,1698,169
90,sales_fact_1997,17.0,10000,DomainVariance,1,2,5,1455,169
90,sales_fact_1997,NaN,10000,AggregationVariance,0,2,5,1466,169
90,sales_fact_1997,6.0,10000,UniformAggregationVariance,1,2,5,1485,169
90,sales_fact_1997,-1,10000,Mckp,6,2,5,1,169
90,sales_fact_1997,15.0,10000,Preamble,1,2,5,0,170
90,sales_fact_1997,8.0,10000,Statistics,2,2,5,1,170
90,sales_fact_1997,21.8,10000,Top-K,5,2,5,2,170
90,sales_fact_1997,21.2,10000,Bottom-K,5,2,5,1,170
90,sales_fact_1997,18.75,10000,OutlierDetection,4,2,5,1553,170
90,sales_fact_1997,22.0,10000,Clustering,2,2,5,1678,170
90,sales_fact_1997,8.0,10000,SlicingVariance,1,2,5,1459,170
90,sales_fact_1997,-1,10000,Mckp,5,2,5,0,170
